,Date_Time,Score,URL,IP,Length,digits,digit_ratio,Hyperlinks,Sus_Words
16005,2023-01-26 13:45:49,2.2,https://tinyurl.com/5n8tbrdd,172.67.1.225,28,2,0.07142857142857142,1.0,1.0
16028,2023-01-26 13:43:34,2.3,https://attupdatein.boxmode.io/,209.192.137.208,31,0,0.0,6.0,0.0
16032,2023-01-26 13:43:28,5.1,http://revisioneportalebper.com/,81.88.53.74,32,0,0.0,7.0,0.0
16083,2023-01-26 09:25:44,5.0,http://www.yyfoot-spa.com/rev/MyGov/personal.html,23.111.140.130,49,0,0.0,1.0,0.0
16084,2023-01-26 09:25:43,5.5,http://www.yyfoot-spa.com/rev/MyGov/otp.html,23.111.140.130,44,0,0.0,1.0,0.0
16085,2023-01-26 09:25:42,5.5,http://www.yyfoot-spa.com/rev/MyGov/otp2.html,23.111.140.130,45,1,0.022222222222222223,1.0,0.0
16086,2023-01-26 09:25:40,5.0,http://www.yyfoot-spa.com/rev/MyGov/index2.html,23.111.140.130,47,1,0.02127659574468085,1.0,0.0
16087,2023-01-26 09:25:39,2.7,http://www.yyfoot-spa.com/rev/MyGov/,23.111.140.130,36,0,0.0,1.0,0.0
16102,2023-01-26 09:25:07,3.1,http://www.secured.tr-ziraatbankasi.com/,107.175.91.10,40,0,0.0,1.0,1.0
16107,2023-01-26 09:24:43,2.8,http://www.qu-o.mx/,198.49.23.145,19,0,0.0,25.0,0.0
16109,2023-01-26 09:24:39,5.4,http://www.parscom.com.au/secure/MyGov/personal.html,116.0.23.213,52,0,0.0,0.0,0.0
16110,2023-01-26 09:24:37,5.9,http://www.parscom.com.au/secure/MyGov/otp.html,116.0.23.213,47,0,0.0,0.0,0.0
16111,2023-01-26 09:24:35,5.9,http://www.parscom.com.au/secure/MyGov/otp2.html,116.0.23.213,48,1,0.020833333333333332,0.0,0.0
16112,2023-01-26 09:24:34,5.4,http://www.parscom.com.au/secure/MyGov/index2.html,116.0.23.213,50,1,0.02,0.0,0.0
16113,2023-01-26 09:24:32,3.5,http://www.parscom.com.au/secure/MyGov/,116.0.23.213,39,0,0.0,0.0,0.0
16118,2023-01-26 09:24:24,2.2,http://www.nathanandcandy.com/broad/,192.3.201.55,36,0,0.0,0.0,0.0
16120,2023-01-26 09:24:18,2.5,http://www.mashangyoushu.cn/das.php,39.96.24.137,35,0,0.0,0.0,0.0
16123,2023-01-26 09:24:10,6.3,http://www.kahuyq-hp.am/wp-admin/amex/amginers/asbthy/dax/email_sec.php,91.199.38.161,71,0,0.0,0.0,0.0
16124,2023-01-26 09:24:09,5.8,http://www.kahuyq-hp.am/wp-admin/amex/amginers/asbthy/dax/active_apa.php,91.199.38.161,72,0,0.0,0.0,0.0
16125,2023-01-26 09:24:07,2.0,http://www.kahuyq-hp.am/wp-admin/amex/amginers/asbthy/dax/,91.199.38.161,58,0,0.0,0.0,0.0
16126,2023-01-26 09:24:05,5.1,http://www.highlightsnft.online/,34.149.87.45,32,0,0.0,13.0,0.0
16128,2023-01-26 09:24:02,6.7,http://www.hamegam.com/Akus/96d4e683799b85699c170e16e958c1a9/,85.9.66.227,61,24,0.39344262295081966,9.0,2.0
16129,2023-01-26 09:23:59,6.7,http://www.hamegam.com/Akus/756f29f999e4da6fe20ef3aec2995b30/,85.9.66.227,61,19,0.3114754098360656,9.0,2.0
16133,2023-01-26 09:23:50,4.9,http://www.e-serviceparts.info/landingpages/dd263864-38a2-466a-be2f-4e5ec6c5e042/ijkxg0asogeltwdcad3pysf9dacu7vh61kbfydcqrg,13.225.63.52,123,26,0.21138211382113822,4.0,0.0
16137,2023-01-26 09:23:41,6.5,http://www.dogsrewards.com/wp-includes/amex/amginers/asbthy/dax/email_sec.php,162.241.152.221,77,0,0.0,1.0,0.0
16138,2023-01-26 09:23:40,6.0,http://www.dogsrewards.com/wp-includes/amex/amginers/asbthy/dax/active_apa.php,162.241.152.221,78,0,0.0,1.0,0.0
16139,2023-01-26 09:23:39,2.1,http://www.dogsrewards.com/wp-includes/amex/amginers/asbthy/dax/,162.241.152.221,64,0,0.0,1.0,0.0
16140,2023-01-26 09:23:38,3.2,http://www.dhl-vietnam.com/,103.28.36.108,27,0,0.0,0.0,0.0
16147,2023-01-26 09:23:22,5.7,http://www.cancuntoursunlimited.com/multiphp/img/outlook.com/,107.180.24.253,61,0,0.0,1.0,0.0
16149,2023-01-26 09:23:18,5.4,http://www.belforprevention.fr/wp-content/plugins/ghohmwp/@247@/GlobalSources/,2001:41d0:301::28,78,3,0.038461538461538464,0.0,0.0
16162,2023-01-26 09:22:59,3.0,http://www.airportcabchicago.com/write/shaw/manage/,64.29.151.221,51,0,0.0,19.0,2.0
16169,2023-01-26 09:22:39,5.8,http://wizhotdadoscodcxxenv-1990186.ryd.wafaicloud.com/ades/login/aces.php?ac=01,185.206.135.134,80,9,0.1125,0.0,0.0
16170,2023-01-26 09:22:37,5.0,http://wessexwater.co.uk.therobinhuntteam.com/,69.49.244.31,46,0,0.0,0.0,0.0
16171,2023-01-26 09:22:36,4.1,http://webmail.nebcc.com/roundcubemail/,216.239.133.253,39,0,0.0,1.0,1.0
16172,2023-01-26 09:22:35,4.6,http://wakibanga.com/,105.174.43.226,21,0,0.0,1.0,0.0
16180,2023-01-26 09:22:14,6.3,https://xemaybaotin.vn/wp-content/litespeed/ccss/au/b76b5c1/,103.116.104.238,60,4,0.06666666666666667,15.0,0.0
16181,2023-01-26 09:22:12,6.7,https://xemaybaotin.vn/wp-content/litespeed/ccss/au/adff3e0/Login.php,103.116.104.238,69,2,0.028985507246376812,15.0,0.0
16182,2023-01-26 09:22:09,4.3,https://www--wellsfargo--com--xp49329d48d6c.wsipv6.com/es/,157.185.163.113,58,9,0.15517241379310345,20.0,0.0
16184,2023-01-26 09:22:02,4.2,https://www.ndnmag.fr/en/f9ab3aca2005100a24161a951f0f5670/execution.html?validation=e1s1,46.182.4.120,88,24,0.2727272727272727,0.0,0.0
16185,2023-01-26 09:22:01,4.2,https://www.ndnmag.fr/en/e6ae79a34a9ab062603a6b4ff22e732b/execution.html?validation=e1s1,46.182.4.120,88,21,0.23863636363636365,0.0,0.0
16187,2023-01-26 09:21:58,4.2,https://www.ndnmag.fr/en/b3d45636edf3aa8ecde92a69f377f784/execution.html?validation=e1s1,46.182.4.120,88,20,0.22727272727272727,0.0,0.0
16191,2023-01-26 09:21:51,4.2,https://www.ndnmag.fr/en/8d4d45c6d017f094b4ed8d59ba095837/execution.html?validation=e1s1,46.182.4.120,88,23,0.26136363636363635,0.0,0.0
16193,2023-01-26 09:21:49,4.2,https://www.ndnmag.fr/en/80b3d7d83cd16cfd446ed5daa7b990e3/execution.html?validation=e1s1,46.182.4.120,88,19,0.2159090909090909,0.0,0.0
16195,2023-01-26 09:21:45,4.2,https://www.ndnmag.fr/en/750281f5e2812f89740f5b3acc273584/execution.html?validation=e1s1,46.182.4.120,88,26,0.29545454545454547,0.0,0.0
16197,2023-01-26 09:21:42,4.2,https://www.ndnmag.fr/en/6bd3cec8195a946f2b44ef34c6a35e9b/execution.html?validation=e1s1,46.182.4.120,88,20,0.22727272727272727,0.0,0.0
16198,2023-01-26 09:21:40,4.2,https://www.ndnmag.fr/en/6b6f856785fedc0c15bf40416d8be119/execution.html?validation=e1s1,46.182.4.120,88,22,0.25,0.0,0.0
16230,2023-01-26 09:20:37,5.7,https://westernunionva.com/,152.32.253.6,27,0,0.0,3.0,0.0
16256,2023-01-26 09:19:21,1.9,https://s42lkd.webwave.dev/lib/s42lkd/PO-ldcuuw59.html,185.73.228.142,54,6,0.1111111111111111,1.0,0.0
16258,2023-01-26 09:19:18,3.4,https://rush20.z13.web.core.windows.net/,52.239.170.33,40,4,0.1,0.0,1.0
16259,2023-01-26 09:19:17,2.2,https://royalmail.delay-info.com/,81.161.229.196,33,0,0.0,1.0,0.0
16271,2023-01-26 09:18:42,6.2,https://magazine.bbcomvoceju.com/magazine/,2606:4700:3034::6815:41f,42,0,0.0,2.0,0.0
16274,2023-01-26 09:18:37,5.6,https://link.uinsgd.ac.id/63i8p,103.55.33.21,31,3,0.0967741935483871,0.0,0.0
16284,2023-01-26 09:18:21,5.0,http://site-10072069-4876-5894.mystrikingly.com/,108.138.106.123,48,16,0.3333333333333333,6.0,0.0
16292,2023-01-26 09:17:55,6.0,https://indusmin.com/Bill.payment_M&T/,103.145.36.51,38,0,0.0,8.0,0.0
16293,2023-01-26 09:17:52,4.1,https://indusmin.com/Bill.payment_M&T,103.145.36.51,37,0,0.0,8.0,0.0
16320,2023-01-26 09:16:31,4.5,https://carleighmadeleine.com/work/office-new/,192.185.79.30,46,0,0.0,0.0,0.0
16323,2023-01-26 09:16:13,5.9,https://btweebley.weebly.com/,199.34.228.54,29,0,0.0,1.0,0.0
16324,2023-01-26 09:16:11,6.1,https://btinternetbgf.weebly.com/,199.34.228.54,33,0,0.0,12.0,0.0
16327,2023-01-26 09:16:04,6.0,https://bafybeiebzyue4jicj4wbv7rgtywe6xxyuinjhzqbrfite2wdsddrwnmlvm.ipfs.dweb.link/loginexcel.html,2602:fea2:2::1,98,5,0.05102040816326531,1.0,0.0
16328,2023-01-26 09:16:03,6.2,https://bafybeid6qnpgkixvi5az75bmone2r3btrtqy4wllvixiduauoyy2jbrx7a.ipfs.w3s.link/index%20(1).html,2606:4700::6812:1734,98,13,0.1326530612244898,0.0,0.0
16329,2023-01-26 09:16:01,4.0,https://attmail.boxmode.io/,2605:f480:997::208,27,0,0.0,6.0,0.0
16337,2023-01-26 09:15:44,1.9,https://accountsadmin.com/wp-content/upgrade/upgrade,172.104.40.185,52,0,0.0,9.0,0.0
16349,2023-01-26 09:15:21,2.1,http://repairservicepageprotection2023.rf.gd/,185.27.134.55,45,4,0.08888888888888889,0.0,0.0
16355,2023-01-26 09:15:11,5.7,http://primegaminglink.com/,185.244.151.84,27,0,0.0,1.0,1.0
16357,2023-01-26 09:15:05,4.3,http://orange817.yolasite.com/,104.18.0.251,30,3,0.1,0.0,0.0
16363,2023-01-26 09:14:54,3.0,http://ndnmag.fr/en/e6de78c95abee6980c7e386ddd662f71/execution.html?validation=e1s1,46.182.4.120,83,20,0.24096385542168675,0.0,0.0
16385,2023-01-26 09:14:15,5.3,http://ir53rd.web.app/,2620:0:890::100,22,2,0.09090909090909091,0.0,0.0
16401,2023-01-26 09:13:41,2.4,http://error403rd.royalwebhosting.net/,185.176.43.98,38,3,0.07894736842105263,0.0,0.0
16404,2023-01-26 09:13:37,4.4,http://document2-be2c0.web.app/,2620:0:890::100,31,3,0.0967741935483871,0.0,0.0
16408,2023-01-26 09:13:31,1.8,http://dfhfdgfdfgdfhdfg.hostfree.pw/,185.27.134.150,36,0,0.0,0.0,0.0
16419,2023-01-26 09:13:10,5.4,http://ch33184.tw1.ru/YAO/espace-client/Connexion.html,2a03:6f00:1::b039:d290,54,6,0.1111111111111111,25.0,0.0
16422,2023-01-26 09:13:05,1.5,http://canadapost-postescanada.netlify.app/,34.74.170.74,43,0,0.0,0.0,0.0
16437,2023-01-26 09:12:25,4.9,http://bankofus.blogspot.jp/,2607:f8b0:4006:81c::2001,28,0,0.0,7.0,0.0
16468,2023-01-26 07:47:00,2.2,https://sites.google.com/view/trapbatimport?pli=1,142.251.41.14,49,1,0.02040816326530612,3.0,0.0
16474,2023-01-26 06:11:48,2.0,https://slpostal.com/?p=wbolZ,159.65.203.248,29,0,0.0,4.0,0.0
16522,2023-01-25 22:49:46,3.0,https://verification-appeal-code.web.app/,2620:0:890::100,41,0,0.0,1.0,0.0
16539,2023-01-25 22:48:47,7.0,https://share.ebforms.com/6158639759360000,18.237.120.72,42,16,0.38095238095238093,0.0,1.0
16548,2023-01-25 22:47:34,5.7,https://roundcube0901.web.app/,199.36.158.100,30,4,0.13333333333333333,0.0,0.0
16549,2023-01-25 22:47:33,5.9,https://roundcube0901.firebaseapp.com/,2620:0:890::100,38,4,0.10526315789473684,0.0,0.0
16553,2023-01-25 22:47:30,5.5,https://roundcube09004.firebaseapp.com/,199.36.158.100,39,5,0.1282051282051282,0.0,0.0
16554,2023-01-25 22:47:29,6.2,https://roundcube09003.web.app/,2620:0:890::100,31,5,0.16129032258064516,0.0,0.0
16556,2023-01-25 22:47:27,5.7,https://roundcube09002.web.app/,199.36.158.100,31,5,0.16129032258064516,0.0,0.0
16590,2023-01-25 22:44:08,2.6,https://file-share-drive-folder-sharepoint-view.web.app/,2620:0:890::100,56,0,0.0,0.0,0.0
16591,2023-01-25 22:44:07,2.9,https://file-share-drive-folder-sharepoint-view.firebaseapp.com/,199.36.158.100,64,0,0.0,0.0,0.0
16603,2023-01-25 22:43:10,5.5,https://creencerater.firebaseapp.com/,199.36.158.100,37,0,0.0,1.0,0.0
16608,2023-01-25 22:42:58,4.3,https://cavaallerfort-8c1c9.web.app/,2620:0:890::100,36,3,0.08333333333333333,1.0,0.0
16615,2023-01-25 22:42:31,5.9,https://bancobs2empresas.web.app/,2620:0:890::100,33,1,0.030303030303030304,0.0,0.0
16619,2023-01-25 22:42:07,6.2,https://arstmping005.web.app/,2620:0:890::100,29,3,0.10344827586206896,0.0,0.0
16623,2023-01-25 22:42:01,6.2,https://arstmping003.web.app/,2620:0:890::100,29,3,0.10344827586206896,0.0,0.0
16626,2023-01-25 22:41:56,6.0,https://arstmping002.firebaseapp.com/,199.36.158.100,37,3,0.08108108108108109,0.0,0.0
16657,2023-01-25 22:39:04,3.6,http://axsronin-infinity.shop,185.239.210.56,29,0,0.0,0.0,0.0
16660,2023-01-25 21:32:07,7.2,http://www.woodandthimble.com/www.labanquepostale.fr/556d2c2647dc2cc/login.php,70.32.68.193,78,9,0.11538461538461539,0.0,0.0
16661,2023-01-25 21:32:06,6.2,http://www.woodandthimble.com/www.labanquepostale.fr/285d1349dd0f777/login.php,70.32.68.193,78,11,0.14102564102564102,0.0,0.0
16662,2023-01-25 21:32:05,6.7,http://www.woodandthimble.com/www.labanquepostale.fr/0dddf93ffc768de/login.php,70.32.68.193,78,6,0.07692307692307693,0.0,0.0
16669,2023-01-25 21:31:49,4.3,http://www.metamask004.com/,202.58.106.25,27,3,0.1111111111111111,24.0,1.0
16670,2023-01-25 21:31:46,6.8,http://www.lundbyplat.com/mmnnmm/900/,89.189.203.16,37,3,0.08108108108108109,0.0,0.0
16689,2023-01-25 21:31:05,3.6,http://warsa.bandungkab.go.id/OFFICE%202020%20DC/login.php?cmd=login_submit&,103.253.107.15,76,8,0.10526315789473684,0.0,0.0
16690,2023-01-25 21:31:03,3.6,http://uu-phald-login.mystrikingly.com/,18.164.124.48,39,0,0.0,25.0,0.0
16691,2023-01-25 21:31:00,5.3,http://uspsmaillingservice.com/,31.22.4.94,31,0,0.0,21.0,2.0
16698,2023-01-25 21:30:04,4.8,http://uppholdl0gin.mystrikingly.com/,18.164.124.48,37,1,0.02702702702702703,25.0,0.0
16699,2023-01-25 21:29:53,4.8,http://upisholdlogin-us.godaddysites.com/,76.223.105.230,41,0,0.0,1.0,0.0
16701,2023-01-25 21:29:51,4.8,http://upho1d10gin.mystrikingly.com/,18.164.124.61,36,3,0.08333333333333333,13.0,0.0
16702,2023-01-25 21:29:49,4.8,http://uph0ldlgins.mystrikingly.com/,18.164.124.37,36,1,0.027777777777777776,25.0,0.0
16704,2023-01-25 21:29:46,3.4,http://u1916494.cp.regruhosting.ru/,31.31.198.233,35,7,0.2,17.0,0.0
16705,2023-01-25 21:29:44,2.8,http://u1907716.cp.regruhosting.ru/sucarsal/,2a00:f940:2:2:1:4:0:101,44,7,0.1590909090909091,17.0,0.0
16709,2023-01-25 21:29:37,5.8,http://telkomserveurnam.flazio.com/,35.190.27.135,35,0,0.0,2.0,0.0
16710,2023-01-25 21:29:35,6.5,http://telekomlogin15gb.flazio.com/,35.190.27.135,35,2,0.05714285714285714,2.0,0.0
16714,2023-01-25 21:29:30,6.7,https://xemaybaotin.vn/wp-content/litespeed/ccss/au/bab572e/Login.php,103.116.104.238,69,3,0.043478260869565216,15.0,0.0
16717,2023-01-25 21:29:24,6.7,https://xemaybaotin.vn/wp-content/litespeed/ccss/au/7682afc/Login.php,103.116.104.238,69,4,0.057971014492753624,15.0,0.0
16718,2023-01-25 21:29:22,6.7,https://xemaybaotin.vn/wp-content/litespeed/ccss/au/4302ee6/Login.php,103.116.104.238,69,5,0.07246376811594203,15.0,0.0
16725,2023-01-25 21:29:01,6.1,https://www.solutionfun.info/landingpage/dd263864-38a2-466a-be2f-4e5ec6c5e042/h4XjRLS78F72QU74IK1Se9ikLVChbnQ8ZaA_owPvL4A,108.138.128.45,121,31,0.256198347107438,4.0,0.0
16730,2023-01-25 21:28:46,7.0,https://www.serviziofatturazione.com/m841x6167824h227093087659063170532995841/,105.147.236.238,78,37,0.47435897435897434,0.0,0.0
16768,2023-01-25 21:27:46,6.5,https://webtrack.transcaribe.com/un_c/RUn9nvS4vSZCYpvudLCXJt8mfQvG5Q8nvS4vSZCYpvudLCXJt8mfQvbNatedQ9rRRnN3PHzsEyE7zdmegvQbbWfyvM/account/kb/,74.208.236.39,140,10,0.07142857142857142,0.0,1.0
16770,2023-01-25 21:27:41,6.8,https://web.mtsn1siak.com/report-6686367/2fa.html,202.74.238.227,49,9,0.1836734693877551,8.0,0.0
16771,2023-01-25 21:27:39,5.6,https://web.mtsn1siak.com/report-6686367,202.74.238.227,40,8,0.2,24.0,0.0
16788,2023-01-25 21:27:04,4.8,https://uphold-loginzy.godaddysites.com/,76.223.105.230,40,0,0.0,1.0,0.0
16789,2023-01-25 21:27:02,2.5,https://uphold-lgin.jimdofree.com/,54.216.214.82,34,0,0.0,11.0,0.0
16790,2023-01-25 21:27:01,4.9,https://uphol1ogin.mystrikingly.com/,18.164.124.48,36,1,0.027777777777777776,25.0,0.0
16791,2023-01-25 21:26:59,4.4,https://uph0ldlgin.mystrikingly.com/,18.164.124.37,36,1,0.027777777777777776,24.0,0.0
16792,2023-01-25 21:26:57,3.7,https://updateform-rec.myportfolio.com/,151.101.128.119,39,0,0.0,0.0,0.0
16842,2023-01-25 21:25:15,6.8,https://secure-monitor.com/route/8e7069231eaf20b0949b37ed980c632e64a2936a/,64.191.166.198,74,28,0.3783783783783784,1.0,0.0
16858,2023-01-25 21:24:41,6.4,https://pold.builderallwppro.com/wp-admin/co/ce/sms.php,65.111.165.109,55,0,0.0,0.0,0.0
16883,2023-01-25 21:24:02,2.4,https://mtgtgq.webwave.dev/lib/mtgtgq/PO-ldbfx8je.html,185.30.124.158,54,1,0.018518518518518517,1.0,0.0
16885,2023-01-25 21:23:59,5.3,https://mrtg.emailpartners.net/a/e/v0k3no?cid=10622_0003&amp;amp;kbid=12205e&amp;amp;exid=,51.38.158.176,90,16,0.17777777777777778,0.0,0.0
16902,2023-01-25 21:23:20,3.0,https://limota.vn/provide/next/rss.mont/,45.124.87.103,40,0,0.0,5.0,0.0
16908,2023-01-25 21:23:10,3.3,https://kucoinloggup.godaddysites.com/,76.223.105.230,38,0,0.0,0.0,0.0
16917,2023-01-25 21:22:57,3.6,https://ipfs.io/ipfs/QmTWHRBdpZaKvWby6vsoTfBrabTrNV7wAkQoiNnc7GR9Y2/,2602:fea2:2::1,68,5,0.07352941176470588,0.0,0.0
16945,2023-01-25 21:22:26,3.3,https://hszlmi.webwave.dev/,185.73.228.142,27,0,0.0,0.0,0.0
16957,2023-01-25 21:22:06,4.0,https://gimini-login.godaddysites.com/,13.248.243.5,38,0,0.0,1.0,0.0
16976,2023-01-25 21:21:32,4.7,https://exceltec.com.sg/wz/nfculogon.html,101.100.209.35,41,0,0.0,21.0,1.0
16987,2023-01-25 21:21:04,6.0,http://secure.seccloud.direct.quickconnect.to/wordpress/wp-content/themes/twentytwentyone/soportecaxia/home/,37.201.132.146,108,0,0.0,0.0,0.0
16988,2023-01-25 21:21:03,4.6,http://secureato.a3realestate.com/personal.html,69.49.244.31,47,1,0.02127659574468085,1.0,0.0
16989,2023-01-25 21:21:02,5.1,http://secureato.a3realestate.com/otp.html,69.49.244.31,42,1,0.023809523809523808,1.0,0.0
16990,2023-01-25 21:21:01,5.1,http://secureato.a3realestate.com/otp2.html,69.49.244.31,43,2,0.046511627906976744,1.0,0.0
16991,2023-01-25 21:21:00,4.1,http://secureato.a3realestate.com/index2.html,69.49.244.31,45,2,0.044444444444444446,1.0,0.0
16992,2023-01-25 21:20:59,2.3,http://secureato.a3realestate.com/,69.49.244.31,34,1,0.029411764705882353,1.0,0.0
17000,2023-01-25 21:20:47,5.7,https://dw.lp.eu.mobilehub4u.com/lp/ro/mobilehub4u/CDWhatsApp/ok/,13.225.214.58,65,2,0.03076923076923077,0.0,0.0
17001,2023-01-25 21:20:45,4.6,https://diseyco.com.co/MHGGOIUYGFXCVHJ.html,2606:4700:3035::ac43:bdee,43,0,0.0,2.0,0.0
17008,2023-01-25 21:20:33,3.2,https://dev1.creationsbyedith.com/wp-content/landbank/login/,207.55.247.211,60,1,0.016666666666666666,4.0,0.0
17013,2023-01-25 21:20:25,3.7,https://conbseprologin.godaddysites.com/,76.223.105.230,40,0,0.0,1.0,0.0
17014,2023-01-25 21:20:21,6.0,https://coinbaseproxlogin.mystrikingly.com/,18.164.124.53,43,0,0.0,13.0,0.0
17015,2023-01-25 21:20:17,3.5,https://coieunbialueogin.godaddysites.com/,13.248.243.5,42,0,0.0,12.0,1.0
17031,2023-01-25 21:19:36,4.3,https://bio.site/offi,151.101.66.132,21,0,0.0,0.0,0.0
17043,2023-01-25 21:19:23,5.5,https://bafybeid724iydsbnw2zoft3svrxnhrqitawv2bptehavh7lc6dfzm4kb6e.ipfs.w3s.link/,2606:4700::6812:1734,82,11,0.13414634146341464,0.0,0.0
17081,2023-01-25 21:18:24,5.0,https://adclick.g.doubleclick.net/pcs/click?xai=AKAOjssRQ8QRiYQNPx87r7HYxnzFxFuql_Tj3NJLtnf7nNiyIvLD1qk8xP2RZnisSX-7G89WitaYTCUOqOKLzt8D47EOR_8kx-QUkgQNuERQkRrzdZ1PE0fqr5bEbRVv-FBucRjLoNODG64DpFhxnGMb3fSxKWve9fLAqGLVTTweaXQ8T81kRl2bQGzOKS_t_dKhErChc0uBdd5xbphh0NKqMQwOk62kyPOK0JWhiuh7-I2eaB66uHN4OUN8H15xY1d--gVJscdE9-LGP8bit4dqvbu29IaSYVDCmVl5pzDGPl6_wI47sa_a3S5z1ho409u2Ig&amp;amp;sig=Cg0ArKJSzBX_yrDqycm2EAE&amp;amp;fbs_aeid=[gw_fbsaeid]&amp;amp;urlfix=1&amp;amp;adurl=https://dweb.link/ipfs/QmbB6as6iXFiasj,142.250.65.226,510,63,0.12352941176470589,0.0,0.0
17085,2023-01-25 21:18:20,3.1,https://20kahkasha.github.io/Netflix-landing-page/,2606:50c0:8000::153,50,2,0.04,0.0,1.0
17094,2023-01-25 21:18:08,6.3,http://prismlabs.in/selon.one/g1cnjo/index/d-/xX2023Xx/2be08ed/Login.php,65.60.35.58,72,8,0.1111111111111111,1.0,0.0
17096,2023-01-25 21:18:04,3.0,http://peligrosfutbolsala.es/updation%202/index.html,31.200.242.27,52,3,0.057692307692307696,1.0,0.0
17112,2023-01-25 21:17:35,2.9,http://kent19.tv/das.php,92.205.8.227,24,2,0.08333333333333333,0.0,0.0
17115,2023-01-25 21:17:31,3.9,http://k5heavy.co.za/,154.0.163.43,21,1,0.047619047619047616,22.0,0.0
17116,2023-01-25 21:17:27,5.1,http://jr-software-web.net/telekom/ios/oauth2/index.php,138.219.41.210,55,1,0.01818181818181818,5.0,0.0
17123,2023-01-25 21:17:15,4.4,http://gonshichi.xsrv.jp/doc.html,183.181.98.119,33,0,0.0,0.0,0.0
17126,2023-01-25 21:17:11,2.8,http://eloquent-lederberg.45-81-232-18.plesk.page/,45.81.232.18,50,9,0.18,0.0,0.0
17133,2023-01-25 21:16:57,1.8,http://cuenbaseeeprolugenxxxxx.godaddysites.com/,76.223.105.230,48,0,0.0,1.0,0.0
17137,2023-01-25 21:16:51,5.3,http://chungo12345.hostfree.pw/,185.27.134.142,31,5,0.16129032258064516,0.0,0.0
17139,2023-01-25 21:16:48,4.9,http://btcommssuppraliveiuku.weebly.com/,199.34.228.53,40,0,0.0,3.0,0.0
17143,2023-01-25 21:16:35,1.0,http://att-accsupport-web.chapterandver.se/,206.189.64.92,43,0,0.0,0.0,0.0
17149,2023-01-25 21:16:27,2.5,http://ato-secure-storage-center.richeymortgageteam.com/index.html,69.49.244.31,66,0,0.0,0.0,0.0
17151,2023-01-25 21:16:25,2.9,http://atasteofsaigon.com/,69.49.244.168,26,0,0.0,0.0,0.0
17152,2023-01-25 21:16:24,4.9,http://at107115ycuupty63.weeblysite.com/,199.34.228.96,40,8,0.2,0.0,0.0
17160,2023-01-25 21:16:12,3.0,http://43.134.167.94/v3/signin/identifier?dsh=S1544229069:1674653132754210&continue=https://accounts.google.com/?&followup=https://accounts.google.com/?&passive=1209600&xrealip=107.178.238.60&flowName=GlifWebSignIn&flowEntry=ServiceLogin&ifkv=AWnogHdypa0h561qRvrcZD8PHa91ZN-eV6OTQ2P4zBariqerVnpjo_9EUm2ggyjFT3sfuuQLqSbwNw,43.134.167.94,321,68,0.2118380062305296,1.0,0.0
17164,2023-01-25 21:16:02,5.4,http://2026bet365x.com/,103.183.199.71,23,7,0.30434782608695654,0.0,0.0
17166,2023-01-25 21:15:58,4.9,http://15giga-aktivierung.flazio.com/,35.190.27.135,37,2,0.05405405405405406,2.0,0.0
17255,2023-01-25 18:09:29,4.5,http://myetherwallet.us.com/#,172.96.186.176,29,0,0.0,0.0,0.0
17257,2023-01-25 18:09:24,5.0,http://freenikah.in/koa.php,68.178.145.242,27,0,0.0,1.0,0.0
17265,2023-01-25 16:49:03,5.9,https://pontospri2.sslblindado.com/0495006/,187.17.111.96,43,8,0.18604651162790697,3.0,0.0
17271,2023-01-25 16:47:53,5.5,http://72.251.235.155/rt/dp/2,72.251.235.155,29,12,0.41379310344827586,0.0,0.0
17272,2023-01-25 16:47:52,5.1,http://72.251.235.155/rt/dp/1,72.251.235.155,29,12,0.41379310344827586,0.0,0.0
17283,2023-01-25 15:15:20,5.0,https://nacrostanding.com/0/0/0/ea147ee903d7675812875ea7247b9806/,193.25.219.201,65,27,0.4153846153846154,0.0,0.0
17286,2023-01-25 15:14:59,2.9,https://linkler.ru/connectivite-orange/neocities/org/PZwSDjtBdnD6,81.177.141.11,65,1,0.015384615384615385,1.0,0.0
17291,2023-01-25 15:14:28,2.2,https://connectivite-orange.neocities.org/,2620:2:6000::a:1,42,0,0.0,1.0,0.0
17296,2023-01-25 15:14:06,1.8,http://dzdzdzqaaaaa.hyperphp.com/?i=1,185.27.134.129,37,1,0.02702702702702703,0.0,0.0
17297,2023-01-25 15:14:05,3.9,http://dzdzdzqaaaaa.hyperphp.com/,185.27.134.129,33,0,0.0,0.0,0.0
17298,2023-01-25 15:14:04,4.4,http://dzdzdzdz.hyperphp.com/,185.27.134.134,29,0,0.0,0.0,0.0
17299,2023-01-25 15:14:03,2.3,http://cg97050.tw1.ru/DDDFF/orange/index.php,176.57.210.144,44,6,0.13636363636363635,25.0,0.0
17300,2023-01-25 15:14:01,5.8,http://ca99221.tw1.ru/httpdocs/login/ologin.php,176.57.210.144,47,6,0.1276595744680851,25.0,0.0
17301,2023-01-25 15:13:59,6.2,http://ca95148.tw1.ru/httpdocs/login/ologin.php,2a03:6f00:1::b039:d290,47,6,0.1276595744680851,25.0,0.0
17302,2023-01-25 15:13:52,5.4,http://2523663mpppp.hyperphp.com/,185.27.134.57,33,7,0.21212121212121213,0.0,0.0
17303,2023-01-25 13:44:31,4.5,https://zclub.app/airdrop/,99.84.37.16,26,0,0.0,10.0,0.0
17322,2023-01-25 13:42:16,4.0,https://btemail.bookmark.com/,2606:4700:3036::ac43:8801,29,0,0.0,2.0,0.0
17326,2023-01-25 13:41:55,1.5,https://7div.ir/VerificaBancaAgricolaPopolareDiRagusa/verifica-otp.html,213.108.242.78,71,1,0.014084507042253521,7.0,0.0
17333,2023-01-25 10:43:05,3.8,http://ww25.lojasrenner.au/?subid1=20221108-1004-3877-81ab-0f2594ad1963,199.59.243.222,71,30,0.4225352112676056,0.0,0.0
17334,2023-01-25 10:42:57,4.2,https://www.google.com/url?q=https://sparka-kundenauswahl.com/F7MM0TMP9T,2607:f8b0:4006:80f::2004,72,3,0.041666666666666664,1.0,0.0
17345,2023-01-25 10:40:29,1.3,http://avatar-miasma.com/,216.245.209.156,25,0,0.0,0.0,0.0
17356,2023-01-25 09:28:28,5.5,http://www.stackwholer.gq/ll/,172.93.120.139,29,0,0.0,6.0,0.0
17433,2023-01-25 09:25:14,4.6,http://www.centuryplus.org.uk/Sharepoint/sharepintv2/shapoint.htm,185.2.6.3,65,1,0.015384615384615385,1.0,0.0
17435,2023-01-25 09:25:11,5.1,http://www.amzano.co.jp.mljbg.com/,104.168.62.67,34,0,0.0,2.0,0.0
17437,2023-01-25 09:25:06,4.3,http://www.acikkgirrsdenisyabanki.shop/,172.67.139.173,39,0,0.0,8.0,0.0
17438,2023-01-25 09:25:04,3.0,http://www.acikdenissyabankm.xyz/,2606:4700:3035::ac43:a03f,33,0,0.0,8.0,0.0
17440,2023-01-25 09:24:59,2.1,http://word-office.org/?ea=zg9taw5py2xabxvycgh5dg93zxiuy29t&session=9f928fac0b932fdce2351d6470d033109f928fac0b932fdce2351d6470d03310,192.119.111.90,132,50,0.3787878787878788,0.0,0.0
17443,2023-01-25 09:24:53,5.4,http://vkphotmg.beget.tech/,91.106.207.103,27,0,0.0,0.0,0.0
17446,2023-01-25 09:24:48,2.5,http://ursa.com.standoutjewelsfor5.com/,69.49.229.176,39,1,0.02564102564102564,0.0,0.0
17452,2023-01-25 09:24:39,2.5,http://therushcompanies.com.standoutjewelsfor5.com/,69.49.229.176,51,1,0.0196078431372549,0.0,0.0
17453,2023-01-25 09:24:38,3.8,http://telstra-sing-in-bigpond-online-telstra.blogfizz.com/,136.243.150.176,59,0,0.0,4.0,0.0
17455,2023-01-25 09:24:34,6.5,https://zhn8-d5zz.accessdomain.com/~adm1ntg/Swiss.CH/ch/chh/clients/username.php,70.32.74.132,80,3,0.0375,9.0,0.0
17459,2023-01-25 09:24:26,6.7,https://xemaybaotin.vn/wp-content/litespeed/ccss/au/f622742/Login.php,103.116.104.238,69,6,0.08695652173913043,15.0,0.0
17460,2023-01-25 09:24:24,6.7,https://xemaybaotin.vn/wp-content/litespeed/ccss/au/e7eb91e/Login.php,103.116.104.238,69,3,0.043478260869565216,15.0,0.0
17461,2023-01-25 09:24:22,6.7,https://xemaybaotin.vn/wp-content/litespeed/ccss/au/dbfc620/Login.php,103.116.104.238,69,3,0.043478260869565216,15.0,0.0
17466,2023-01-25 09:24:13,6.7,https://xemaybaotin.vn/wp-content/litespeed/ccss/au/9b0203a/Login.php,103.116.104.238,69,5,0.07246376811594203,15.0,0.0
17468,2023-01-25 09:24:08,2.8,https://xemaybaotin.vn/wp-content/litespeed/ccss/au/9b0203a,103.116.104.238,59,5,0.0847457627118644,15.0,0.0
17472,2023-01-25 09:23:58,6.2,https://xemaybaotin.vn/wp-content/litespeed/ccss/au/902eda4/Login.php,103.116.104.238,69,4,0.057971014492753624,15.0,0.0
17474,2023-01-25 09:23:54,6.7,https://xemaybaotin.vn/wp-content/litespeed/ccss/au/506f68b/Login.php,103.116.104.238,69,5,0.07246376811594203,15.0,0.0
17477,2023-01-25 09:23:47,6.7,https://xemaybaotin.vn/wp-content/litespeed/ccss/au/2b5a939/Login.php,103.116.104.238,69,5,0.07246376811594203,15.0,0.0
17494,2023-01-25 09:23:02,2.5,http://swbno.org.standoutjewelsfor5.com/,69.49.229.176,40,1,0.025,0.0,0.0
17504,2023-01-25 09:22:26,3.0,http://sumter.k12.fl.us.standoutjewelsfor5.com/,69.49.229.176,47,3,0.06382978723404255,0.0,0.0
17507,2023-01-25 09:22:22,3.7,https://tinyurl.com/3ebc6jsk,172.67.1.225,28,2,0.07142857142857142,1.0,1.0
17515,2023-01-25 09:22:01,6.1,https://steanmconynuiyty.org.ru/app/1551360/ForzaHorizon5,185.149.120.37,57,8,0.14035087719298245,25.0,2.0
17529,2023-01-25 09:21:13,4.5,https://researchedproperties.com.au/www/mgo/personal.html,116.0.23.239,57,0,0.0,0.0,0.0
17531,2023-01-25 09:21:09,5.5,https://researchedproperties.com.au/www/mgo/otp2.html,116.0.23.239,53,1,0.018867924528301886,0.0,0.0
17533,2023-01-25 09:21:03,3.7,https://researchedproperties.com.au/www/mgo/index2.html,116.0.23.239,55,1,0.01818181818181818,0.0,0.0
17534,2023-01-25 09:21:00,5.0,https://projonmowave.com/online/wallet-verification/?pwd=intesa,104.245.201.131,63,0,0.0,24.0,0.0
17536,2023-01-25 09:20:51,4.3,https://pold.builderallwppro.com/wp-content/plugins/r/tracking/fV5EjH/msg.php?id=63033543,65.111.165.109,89,9,0.10112359550561797,1.0,0.0
17538,2023-01-25 09:20:47,1.8,http://sparkling-snow-4c75.isha2.workers.dev/,104.21.35.190,45,4,0.08888888888888889,2.0,0.0
17558,2023-01-25 09:20:00,3.6,https://mycardrewards.in/error.php?id=5796002623,68.178.145.36,48,10,0.20833333333333334,1.0,0.0
17602,2023-01-25 09:18:44,2.1,https://mabe.hr-staff-net.com/,52.212.52.84,30,0,0.0,2.0,0.0
17614,2023-01-25 09:18:21,5.5,https://joaoabreu004.github.io/Netlix_Clone,2606:50c0:8003::153,43,3,0.06976744186046512,2.0,1.0
17617,2023-01-25 09:18:14,1.9,http://sirenonedrive.moyoez.workers.dev/,104.21.66.142,40,0,0.0,2.0,0.0
17623,2023-01-25 09:17:57,5.5,http://sherritt.com.snocomb.com/,69.49.244.31,32,0,0.0,0.0,0.0
17633,2023-01-25 09:17:31,3.7,https://givinginfo.ueh.edu.vn/wordpress/swis.php,203.113.172.41,48,0,0.0,0.0,0.0
17643,2023-01-25 09:17:02,4.2,http://sephorou.com/,193.203.239.66,20,0,0.0,20.0,0.0
17646,2023-01-25 09:16:55,2.4,https://dijitalsubeacikdenizv2022-com.tk/,190.14.39.135,41,4,0.0975609756097561,14.0,0.0
17652,2023-01-25 09:16:32,3.4,https://client-gov.com/,192.3.137.194,23,0,0.0,1.0,0.0
17674,2023-01-25 09:15:41,3.3,https://alondraspa.com.mx/WKQLo/Dashboard/d561935b90845d577fdd629aa854295c,65.99.252.216,74,23,0.3108108108108108,5.0,0.0
17689,2023-01-25 09:14:59,1.9,http://roedelparsons.com.standoutjewelsfor5.com/,69.49.229.176,48,1,0.020833333333333332,0.0,0.0
17691,2023-01-25 09:14:57,6.3,http://prismlabs.in/selon.one/g1cnjo/index/d-/xX2023Xx/c0100e3/Login.php,65.60.35.58,72,10,0.1388888888888889,1.0,0.0
17692,2023-01-25 09:14:56,5.9,http://prismlabs.in/selon.one/g1cnjo/index/d-/xX2023Xx/64ca8ce/,65.60.35.58,63,8,0.12698412698412698,1.0,0.0
17693,2023-01-25 09:14:55,6.3,http://prismlabs.in/selon.one/g1cnjo/index/d-/xX2023Xx/5349034/Login.php,65.60.35.58,72,12,0.16666666666666666,1.0,0.0
17694,2023-01-25 09:14:54,3.0,http://prismlabs.in/selon.one/g1cnjo/index/d-/xX2023Xx/,65.60.35.58,55,5,0.09090909090909091,1.0,0.0
17698,2023-01-25 09:14:49,1.9,http://perlectric.com.standoutjewelsfor5.com/,69.49.229.176,45,1,0.022222222222222223,0.0,0.0
17701,2023-01-25 09:14:45,1.9,http://pbanet.com.standoutjewelsfor5.com/,69.49.229.176,41,1,0.024390243902439025,0.0,0.0
17703,2023-01-25 09:14:36,1.9,http://opm.gov.standoutjewelsfor5.com/,69.49.229.176,38,1,0.02631578947368421,0.0,0.0
17707,2023-01-25 09:14:22,2.1,http://newenglandlab.com.standoutjewelsfor5.com/,69.49.229.176,48,1,0.020833333333333332,0.0,0.0
17709,2023-01-25 09:14:05,4.9,http://mybtmailx.blogspot.ie/,142.250.176.193,29,0,0.0,25.0,0.0
17710,2023-01-25 09:14:04,4.4,http://msa365.com.therobinhuntteam.com/,69.49.244.31,39,3,0.07692307692307693,0.0,0.0
17720,2023-01-25 09:13:51,2.1,http://login.o365usm.cl/?rid=fv7X4g8,2606:4700:3034::6815:4341,36,6,0.16666666666666666,2.0,0.0
17723,2023-01-25 09:13:34,1.9,http://kub.org.standoutjewelsfor5.com/,69.49.229.176,38,1,0.02631578947368421,0.0,0.0
17724,2023-01-25 09:13:33,2.1,http://jbcoxwell.com.standoutjewelsfor5.com/,69.49.229.176,44,1,0.022727272727272728,0.0,0.0
17726,2023-01-25 09:13:32,2.5,http://intesanpaolo.endiabladazclub.com/,107.180.89.163,40,0,0.0,1.0,0.0
17727,2023-01-25 09:13:31,3.9,http://indigobuilders.com/wp-admin/fav/de/info.html,66.175.58.9,51,0,0.0,1.0,0.0
17728,2023-01-25 09:13:30,1.9,http://hutchinson.com.standoutjewelsfor5.com/,69.49.229.176,45,1,0.022222222222222223,0.0,0.0
17735,2023-01-25 09:13:18,1.9,http://garney.com.standoutjewelsfor5.com/,69.49.229.176,41,1,0.024390243902439025,0.0,0.0
17736,2023-01-25 09:13:17,1.5,http://fotoshop-product.com/,20.66.41.139,28,0,0.0,0.0,0.0
17739,2023-01-25 09:13:14,2.3,http://facebooksecuritys.blogspot.sk/,142.250.176.193,37,0,0.0,5.0,0.0
17741,2023-01-25 09:13:11,1.9,http://envirotrac.com.standoutjewelsfor5.com/,69.49.229.176,45,1,0.022222222222222223,0.0,0.0
17752,2023-01-25 09:12:49,2.0,http://chronicpaindoctor.net/category/en-espanol/trasfondo,35.209.31.219,58,0,0.0,25.0,0.0
17759,2023-01-25 09:12:33,1.4,http://blackwood-dc.com.standoutjewelsfor5.com/,69.49.229.176,47,1,0.02127659574468085,0.0,0.0
17765,2023-01-25 09:12:20,6.0,http://bafybeien456v5esjqbgkxvvtnqofxx3aqlwzfb22l3v5ojmlddgxhnqaka.ipfs.w3s.link/,104.18.23.52,81,10,0.12345679012345678,0.0,0.0
17768,2023-01-25 09:12:07,1.9,http://asst.com.standoutjewelsfor5.com/,69.49.229.176,39,1,0.02564102564102564,0.0,0.0
17771,2023-01-25 09:12:03,1.9,http://arkelconstructors.com.standoutjewelsfor5.com/,69.49.229.176,52,1,0.019230769230769232,0.0,0.0
17772,2023-01-25 09:12:02,3.5,http://argenper.cgmservicios.com/das.php,162.214.145.222,40,0,0.0,1.0,0.0
17775,2023-01-25 09:11:57,1.5,http://allianzbankfa.it.standoutjewelsfor5.com/,69.49.229.176,47,1,0.02127659574468085,0.0,0.0
17777,2023-01-25 09:11:55,1.5,http://acquisc0nsultlng.com.hydrogrokit.com/,69.49.244.31,44,1,0.022727272727272728,0.0,0.0
17778,2023-01-25 09:11:53,2.1,http://acompanhe-seujaneiro.com/luiza/home.php?userid=13&uri=i0/9+kvyuc5h0edgpwx5nhghyjv/2qe/trceiu2fhf0=,172.67.176.192,105,10,0.09523809523809523,2.0,0.0
17781,2023-01-25 09:11:44,6.6,http://43.134.167.94/ServiceLogin?passive=1209600&continue=https://accounts.google.com/?&xrealip=107.178.238.60&followup=https://accounts.google.com/?&xrealip=107.178.238.60,43.134.167.94,173,39,0.2254335260115607,3.0,0.0
17789,2023-01-25 09:11:19,5.0,http://18.136.136.24:84/das.php,18.136.136.24,31,12,0.3870967741935484,0.0,0.0
17790,2023-01-25 09:11:17,4.5,http://150.242.181.150/das.php,150.242.181.150,30,12,0.4,0.0,0.0
17795,2023-01-25 07:41:51,4.0,https://www.jiope.in/,51.210.113.194,21,0,0.0,23.0,1.0
17802,2023-01-25 07:40:26,4.0,https://congruentinc.com/sella/,69.195.111.236,31,0,0.0,0.0,0.0
17803,2023-01-25 07:40:24,2.4,https://congruentinc.com/managehosting/,69.195.111.236,39,0,0.0,0.0,0.0
17808,2023-01-25 07:39:53,3.0,http://itvopen.net,198.245.63.154,18,0,0.0,6.0,0.0
17821,2023-01-25 06:07:27,2.0,https://bit.ly/AccessoBancaBper,67.199.248.11,31,0,0.0,2.0,0.0
17830,2023-01-25 04:41:08,2.0,http://mizraelo.cloudaccess.host/index.html,104.37.84.71,43,0,0.0,2.0,0.0
17834,2023-01-25 04:40:57,1.0,http://hindustannews18.com,65.254.248.134,26,2,0.07692307692307693,24.0,0.0
17899,2023-01-24 22:49:38,6.4,https://updatelogin5666.boxmode.io/,2605:f480:997::208,35,4,0.11428571428571428,6.0,0.0
17921,2023-01-24 22:48:47,5.4,https://s.id/1wZ6m,45.126.58.78,18,2,0.1111111111111111,0.0,0.0
17951,2023-01-24 22:47:36,5.9,https://promouleht.web.app/,2620:0:890::100,27,0,0.0,1.0,0.0
17952,2023-01-24 22:47:35,6.1,https://promouleht.firebaseapp.com/,199.36.158.100,35,0,0.0,1.0,0.0
17987,2023-01-24 22:46:17,3.7,https://letter-scg.web.app/,2620:0:890::100,27,0,0.0,2.0,0.0
17991,2023-01-24 22:46:13,6.4,https://joeroundxx006.firebaseapp.com/,2620:0:890::100,38,3,0.07894736842105263,0.0,0.0
17992,2023-01-24 22:46:12,5.9,https://joeroundxx004.firebaseapp.com/,199.36.158.100,38,3,0.07894736842105263,0.0,0.0
17993,2023-01-24 22:46:11,6.4,https://joeroundxx003.firebaseapp.com/,2620:0:890::100,38,3,0.07894736842105263,0.0,0.0
17994,2023-01-24 22:46:10,5.9,https://joeroundxx002.firebaseapp.com/,199.36.158.100,38,3,0.07894736842105263,0.0,0.0
17995,2023-01-24 22:46:09,5.9,https://joeroundxx001.firebaseapp.com/,2620:0:890::100,38,3,0.07894736842105263,0.0,0.0
18023,2023-01-24 22:45:15,1.8,https://fnd-inc.com/wp-includes/certificates/centor-idimoas-UNH-400x39.htm,110.40.185.139,74,5,0.06756756756756757,0.0,0.0
18117,2023-01-24 22:42:19,5.8,http://cw33062.tw1.ru/login/,176.57.210.144,28,6,0.21428571428571427,25.0,0.0
18118,2023-01-24 22:42:17,6.3,http://cr60160.tw1.ru/httpdocs/login/ologin.php,2a03:6f00:1::b039:d290,47,6,0.1276595744680851,25.0,0.0
18125,2023-01-24 21:28:21,5.1,http://xfincom.com/doc.html,162.210.98.180,27,0,0.0,0.0,0.0
18129,2023-01-24 21:28:09,7.6,http://www.sgitt-sarl.com/wp-content/themes/twentytwentyone/29t/cgn-in/login.php,209.140.22.122,80,2,0.025,1.0,0.0
18132,2023-01-24 21:28:01,6.3,http://www.modelsint.co.za/jfcygvh/cghj/it/,169.239.181.22,43,0,0.0,0.0,0.0
18141,2023-01-24 21:27:39,4.2,http://www.auptitdej.be/wp-content/review/eddsmoke/,2001:41d0:1:1b00:213:186:33:4,51,0,0.0,4.0,0.0
18150,2023-01-24 21:26:36,2.0,http://westsidepoolsandspa.com/,205.144.171.210,31,0,0.0,20.0,0.0
18153,2023-01-24 21:26:30,3.9,http://u1915050.cp.regruhosting.ru/,2a00:f940:2:2:1:4:0:103,35,7,0.2,17.0,0.0
18154,2023-01-24 21:26:28,3.3,http://u1914735.cp.regruhosting.ru/sucarsal/,2a00:f940:2:2:1:4:0:115,44,7,0.1590909090909091,17.0,0.0
18155,2023-01-24 21:26:24,3.9,http://u1914735.cp.regruhosting.ru/,31.31.198.151,35,7,0.2,17.0,0.0
18166,2023-01-24 21:25:58,5.0,https://www.onlineservicetech.website/landingpages/dd263864-38a2-466a-be2f-4e5ec6c5e042/xkhuskbgsu8qgpzswfbywbrj5zhydaxf-omd89ths,13.225.63.15,129,24,0.18604651162790697,4.0,0.0
18167,2023-01-24 21:25:56,5.5,https://www.onlineservicetec.com/landingpages/6641da38-5372-40e8-a9f2-f87c7b3b69de/rzx4nb3tdkrbqizgg6gjljbf-t_-fonakqgc6eajee,99.84.37.82,125,25,0.2,25.0,0.0
18168,2023-01-24 21:25:54,7.0,https://www.icloud.com.gr/AiP/2/tzH,149.102.138.112,35,1,0.02857142857142857,0.0,0.0
18186,2023-01-24 21:25:07,5.3,https://web2023.z13.web.core.windows.net/,52.239.221.200,41,6,0.14634146341463414,0.0,1.0
18188,2023-01-24 21:25:04,6.3,http://svplotnikov.ru/wapperen/chf/ar/,81.177.139.211,38,0,0.0,25.0,0.0
18195,2023-01-24 21:24:30,3.3,https://trustwallut.com/,206.238.123.47,24,0,0.0,0.0,0.0
18196,2023-01-24 21:24:27,5.3,https://townhallpro.myportfolio.com/,151.101.0.119,36,0,0.0,0.0,0.0
18197,2023-01-24 21:24:26,3.0,http://store.creativeeventsbd.com/,103.169.160.66,34,0,0.0,0.0,0.0
18200,2023-01-24 21:24:13,5.5,https://sushiivaap.mom/,162.213.255.60,23,0,0.0,1.0,0.0
18251,2023-01-24 21:22:29,5.4,https://sites.google.com/view/atttyahoo/home,142.251.41.14,44,0,0.0,3.0,0.0
18271,2023-01-24 21:21:39,4.5,https://relem.io/,198.154.99.18,17,0,0.0,9.0,12.0
18285,2023-01-24 21:21:15,6.0,https://objectstorage.eu-frankfurt-1.oraclecloud.com/n/alnabil/b/bucket-20221102-1311/o/index.html,134.70.40.1,98,13,0.1326530612244898,6.0,0.0
18289,2023-01-24 21:21:09,5.7,https://netflix-showcase.vercel.app/,76.76.21.61,36,0,0.0,0.0,0.0
18314,2023-01-24 21:20:06,4.3,https://ldp.page/login-support-fb,18.138.206.213,33,0,0.0,1.0,0.0
18320,2023-01-24 21:19:54,1.8,http://sklad.dae.kg/das.php,207.154.232.37,27,0,0.0,0.0,0.0
18327,2023-01-24 21:19:41,4.3,https://jamestandctankrental-dot-azure-projectfiles.uk.r.appspot.com/,2607:f8b0:4006:80e::2014,69,0,0.0,0.0,0.0
18334,2023-01-24 21:19:27,5.7,https://harperswritingsolutions.glasslinksolutions.com/162.240.214.145/gov/my.gov.au/index2.html,162.240.214.145,96,13,0.13541666666666666,12.0,1.0
18350,2023-01-24 21:19:03,6.0,https://efelarome.com/ES/LESS9382JS/ESATEESF433BVSEDKA/3428433/,31.31.196.78,63,14,0.2222222222222222,1.0,0.0
18352,2023-01-24 21:19:00,4.9,https://eduplus.sch.ng/decline/payment/3.html,192.3.137.194,45,1,0.022222222222222223,8.0,2.0
18359,2023-01-24 21:18:50,2.2,https://cutt.us/ma1ni,69.61.26.121,21,1,0.047619047619047616,2.0,0.0
18383,2023-01-24 21:18:13,2.7,https://calcariobrissolo.com.br/wlp/well-fargo-id-cc-emdouble/wauth-login-present-origin-cob/,177.85.164.18,93,0,0.0,25.0,0.0
18385,2023-01-24 21:17:56,5.5,https://brandee6f94.myportfolio.com/,151.101.64.119,36,3,0.08333333333333333,0.0,0.0
18390,2023-01-24 21:17:50,4.6,https://beltshelf.myportfolio.com/,151.101.128.119,34,0,0.0,0.0,0.0
18392,2023-01-24 21:17:46,5.4,https://bafybeicnroxwfa37br4ngp7ujuhbdfvcx2gdsmmfqmljjnwdv7sir6wiky.ipfs.cf-ipfs.com/,2606:4700::6811:600d,85,7,0.08235294117647059,1.0,0.0
18418,2023-01-24 21:17:07,4.1,https://ashotpaintings.com/,116.0.23.212,27,0,0.0,0.0,0.0
18425,2023-01-24 21:16:53,3.5,https://apple-esign-support-online.com/?ID-J2M1-O4N1-C0A1-F4N1=,190.14.39.202,63,8,0.12698412698412698,1.0,0.0
18426,2023-01-24 21:16:51,6.7,https://antille-guyane.github.io/bnpparibas.net/,2606:50c0:8000::153,48,0,0.0,6.0,0.0
18470,2023-01-24 21:15:10,3.3,http://lookingbeautifulall-ways.com/wp-content/plugins/download-plugin/yitghc/deactivation/cmd-login=3c457d4b78edb5820cfb1c0576b5279a/?reff=ndgymmexyjgzm2m4ntm2zdnjytk0zgjkytayyti0yzy=,162.241.152.221,184,25,0.1358695652173913,1.0,0.0
18471,2023-01-24 21:15:06,2.5,http://letter-scg.web.app/,199.36.158.100,26,0,0.0,2.0,0.0
18476,2023-01-24 21:14:55,4.2,"http://jbpco.com.snocomb.com/?2F/1/24/202312:34%20AMTuesday,%20January%2024,%20202312:34:12%20AMjbpco.com2F",69.49.244.31,107,35,0.32710280373831774,0.0,0.0
18482,2023-01-24 21:14:43,3.9,http://hotmaloulookms.c1.biz/,185.176.43.106,29,1,0.034482758620689655,0.0,0.0
18489,2023-01-24 21:14:30,3.4,http://emdad.ae.snocomb.com/,69.49.244.31,28,0,0.0,0.0,0.0
18490,2023-01-24 21:14:29,4.7,"http://eileaniarmain.co.uk.snocomb.com/?2F/1/24/202312:25%20AMTuesday,%20January%2024,%20202312:25:52%20AMeileaniarmain.co.uk2F/",69.49.244.31,128,35,0.2734375,0.0,0.0
18491,2023-01-24 21:14:28,5.9,"http://ecm.coop.snocomb.com/?2F/1/24/202312:25%20AMTuesday,%20January%2024,%20202312:25:17%20AMecm.coop2F/",69.49.244.31,106,35,0.330188679245283,0.0,0.0
18492,2023-01-24 21:14:27,2.3,"http://digitaltool-die.com.snocomb.com/?2F/1/24/202312:23%20AMTuesday,%20January%2024,%20202312:23:32%20AMdigitaltool-die.com2F/",69.49.244.31,128,35,0.2734375,0.0,0.0
18493,2023-01-24 21:14:26,2.2,"http://ddscusa.com.snocomb.com/?2F/1/24/202312:22%20AMTuesday,%20January%2024,%20202312:22:48%20AMddscusa.com2F/",69.49.244.31,112,35,0.3125,0.0,0.0
18494,2023-01-24 21:14:24,4.9,http://dchmsc.com.hk.snocomb.com/,69.49.244.31,33,0,0.0,0.0,0.0
18495,2023-01-24 21:14:23,5.4,"http://dbmserviceslp.com.snocomb.com/?2F/1/24/202312:22%20AMTuesday,%20January%2024,%20202312:22:44%20AMdbmserviceslp.com2F/",69.49.244.31,124,35,0.28225806451612906,0.0,0.0
18499,2023-01-24 21:14:17,4.9,http://dallastrailer.com.snocomb.com/,69.49.244.31,37,0,0.0,0.0,0.0
18502,2023-01-24 21:14:13,4.9,http://coughlincars.com.snocomb.com/,69.49.244.31,36,0,0.0,0.0,0.0
18503,2023-01-24 21:14:12,5.4,http://connorpainting.com.snocomb.com/,69.49.244.31,38,0,0.0,0.0,0.0
18507,2023-01-24 21:14:04,2.8,http://ck20014.tw1.ru/navsyer.htm,2a03:6f00:1::b039:d290,33,6,0.18181818181818182,25.0,0.0
18510,2023-01-24 21:13:57,2.8,http://cg97050.tw1.ru/DDDFF/orange/index.php?pwd=Elouafi&cheking=pass&,176.57.210.144,70,6,0.08571428571428572,25.0,0.0
18514,2023-01-24 21:13:44,5.0,http://bafybeiftd5mjeub662xfiea4xak7yyjr5jdjvgrtb7g3rt5xd3odu6zfre.ipfs.cf-ipfs.com/,2606:4700::6811:400e,84,12,0.14285714285714285,1.0,0.0
18516,2023-01-24 21:13:41,4.0,http://bafybeics3wuec7ck7lj65hooow276s2plmetqhh5adfdx5dilqjl6gebdq.ipfs.cf-ipfs.com/,2606:4700::6811:400e,84,12,0.14285714285714285,1.0,0.0
18530,2023-01-24 21:13:09,1.9,http://angelbrothers.com.standoutjewelsfor5.com/,69.49.229.176,48,1,0.020833333333333332,0.0,0.0
18539,2023-01-24 21:12:54,5.0,http://50.63.161.114/das.php,50.63.161.114,28,10,0.35714285714285715,0.0,0.0
18543,2023-01-24 21:12:44,5.0,http://212.193.58.3/das.php,212.193.58.3,27,9,0.3333333333333333,0.0,0.0
18552,2023-01-24 19:43:47,3.5,https://www.linkedin.com/slink?code=e8cQjKqf,13.107.42.14,44,1,0.022727272727272728,25.0,0.0
18560,2023-01-24 19:42:51,2.4,https://o4sk2x.webwave.dev/,185.30.124.158,27,2,0.07407407407407407,0.0,0.0
18571,2023-01-24 19:42:06,2.0,https://ecxt99.webwave.dev/,185.30.124.158,27,2,0.07407407407407407,0.0,0.0
18611,2023-01-24 16:48:18,1.7,https://t.co/UrqJXr6Qls,104.244.42.133,23,1,0.043478260869565216,6.0,0.0
18613,2023-01-24 16:47:38,1.2,https://qrco.de/03bdehLn714,18.164.116.129,27,5,0.18518518518518517,6.0,0.0
18622,2023-01-24 16:46:37,6.6,https://cooperativaelsol.com.ar/webmailbeta.aruba.it/webmailssl.it/login.php,209.133.198.50,76,0,0.0,0.0,0.0
18623,2023-01-24 16:46:35,6.5,https://cooperativaelsol.com.ar/webmailbeta.aruba.it/webmailssl.it/em.php,209.133.198.50,73,0,0.0,0.0,0.0
18624,2023-01-24 16:46:34,6.5,https://cooperativaelsol.com.ar/webmailbeta.aruba.it/webmailssl.it/em2.php,209.133.198.50,74,1,0.013513513513513514,0.0,0.0
18625,2023-01-24 16:46:32,6.5,https://cooperativaelsol.com.ar/webmailbeta.aruba.it/aruba.admin/login.php,209.133.198.50,74,0,0.0,0.0,0.0
18646,2023-01-24 15:17:27,1.9,http://spmldof.hyperphp.com/?i=1,185.27.134.55,32,1,0.03125,0.0,0.0
18647,2023-01-24 15:17:26,5.1,http://spmldof.hyperphp.com/,185.27.134.55,28,0,0.0,0.0,0.0
18652,2023-01-24 15:17:03,5.6,http://sldmlf.hyperphp.com/,185.27.134.102,27,0,0.0,0.0,0.0
18668,2023-01-24 15:16:08,5.2,http://ffvbhhf854.hyperphp.com/,185.27.134.130,31,3,0.0967741935483871,0.0,0.0
18669,2023-01-24 15:16:06,5.2,http://ea245se.hyperphp.com/,185.27.134.60,28,3,0.10714285714285714,0.0,0.0
18671,2023-01-24 15:16:04,3.7,http://cp92718.tw1.ru/,176.57.210.144,22,6,0.2727272727272727,25.0,0.0
18672,2023-01-24 15:16:03,1.5,http://cg97050.tw1.ru/DDDFF/orange/index.php?pwd=Elouafi&cheking=pass&id=61071860&access=,2a03:6f00:1::b039:d290,89,14,0.15730337078651685,25.0,0.0
18673,2023-01-24 15:16:01,2.1,http://cg97050.tw1.ru/DDDFF/orange/index.php?pwd=Elouafi&cheking=pass&id=14196157&access=,176.57.210.144,89,14,0.15730337078651685,25.0,0.0
18674,2023-01-24 15:15:59,1.8,http://cg97050.tw1.ru/DDDFF,2a03:6f00:1::b039:d290,27,6,0.2222222222222222,25.0,0.0
18676,2023-01-24 15:15:49,5.0,http://9691564644650.hyperphp.com/,185.27.134.177,34,13,0.38235294117647056,0.0,0.0
18677,2023-01-24 15:15:48,4.0,http://96464601641416.hyperphp.com/?i=1,185.27.134.134,39,15,0.38461538461538464,0.0,0.0
18678,2023-01-24 15:15:46,5.0,http://96464601641416.hyperphp.com/,185.27.134.134,35,14,0.4,0.0,0.0
18679,2023-01-24 15:15:44,5.0,http://96446141154.hyperphp.com/,185.27.134.33,32,11,0.34375,0.0,0.0
18687,2023-01-24 13:47:38,4.8,https://swadeshikhareed.in/login/des/index.php,79.137.64.63,46,0,0.0,25.0,1.0
18691,2023-01-24 13:47:18,5.1,https://sites.google.com/view/btfilesystem/home,2607:f8b0:4006:817::200e,47,0,0.0,3.0,0.0
18702,2023-01-24 13:46:16,3.0,https://ky.gatebim.com/service/home.php?0ec8WLMPah9Gj3vxn3aX6jN9PQSooDJ7d7ri2fhT2TAa0j8TALz1GgUxRT0jkP635I6WmCLX0679Qyv8bd9mxTOBqm828EvVENN5XGD9aHaIpWSxmU9n6uhab8q0eMcJTwcMJpVWF3hbWbCkA8qr2eSukzqpQzFgRkTQS0WqdMFUhwGtnj5KNdzbUYVyBkxEtnNA8Zzo,47.92.192.196,240,40,0.16666666666666666,0.0,0.0
18713,2023-01-24 13:45:20,4.1,https://acesso-simpleficado-cliente.com/luiza/?userID=13&uri=mijCf+vDY/JLbWrAamw/PePguTjEo/609lb55oZqcuw=,104.21.84.95,105,7,0.06666666666666667,2.0,0.0
18737,2023-01-24 10:43:32,4.7,https://tinyurl.com/2jxhw297,172.67.1.225,28,4,0.14285714285714285,1.0,1.0
18744,2023-01-24 10:42:35,3.1,http://sisoej.tk/,172.93.123.142,17,0,0.0,0.0,0.0
18756,2023-01-24 09:27:42,4.4,http://xperiaexecutivesearch.com/--/17276/,103.74.54.34,42,5,0.11904761904761904,0.0,0.0
18757,2023-01-24 09:27:38,2.9,http://xperiaexecutivesearch.com/--/17276,103.74.54.34,41,5,0.12195121951219512,0.0,0.0
18758,2023-01-24 09:27:34,2.6,http://xperiaexecutivesearch.com/--/,103.74.54.34,36,0,0.0,0.0,0.0
18780,2023-01-24 09:26:44,3.9,http://www.idred.mx/net/app/template/,69.160.38.3,37,0,0.0,0.0,0.0
18785,2023-01-24 09:26:36,5.4,http://www.esautodealer.com/c0100e3/Wallet.html,68.178.247.250,47,5,0.10638297872340426,22.0,1.0
18786,2023-01-24 09:26:34,5.9,http://www.esautodealer.com/b3c0498/Wallet.html,68.178.247.250,47,5,0.10638297872340426,22.0,1.0
18787,2023-01-24 09:26:33,5.9,http://www.esautodealer.com/4ca743b/Wallet.html,68.178.247.250,47,4,0.0851063829787234,22.0,1.0
18789,2023-01-24 09:26:30,5.2,http://www.cyberbotika.com/01citzen/0/login/ses/,172.67.207.242,48,3,0.0625,2.0,0.0
18791,2023-01-24 09:26:26,6.5,http://www.consultantdeck.com/lg/6FAFD271753719944C85ECCB8515666FAFD6FAFD2717537199427DB76FAFD271753719944C85ECCB8515666FAFD27175371994C85ECCB8515666FAFD27B101B1EA/c/3624b6414/signin.php,74.208.236.50,186,93,0.5,2.0,0.0
18794,2023-01-24 09:26:20,4.2,http://www.chronicpaindoctor.net/category/english/from-dr-adams/pain-associations/,35.209.31.219,82,0,0.0,25.0,0.0
18806,2023-01-24 09:25:57,4.1,http://vinylmaintenance.com.au/,116.0.23.212,31,0,0.0,0.0,0.0
18807,2023-01-24 09:25:55,2.3,http://very1htmfar5.ihostfull.com/?i_1&i=1&i=1,185.27.134.224,46,5,0.10869565217391304,0.0,0.0
18808,2023-01-24 09:25:52,5.1,http://vbwzrfb-qwo-2.gq/office/,69.49.244.150,31,1,0.03225806451612903,0.0,0.0
18809,2023-01-24 09:25:49,3.3,http://uphold16.godaddysites.com/,13.248.243.5,33,2,0.06060606060606061,1.0,1.0
18811,2023-01-24 09:25:47,2.5,http://u1913637.cp.regruhosting.ru/sucarsal/,2a00:f940:2:2:1:4:0:96,44,7,0.1590909090909091,17.0,0.0
18817,2023-01-24 09:25:37,2.3,https://xemaybaotin.vn/wp-content/plugins/epgnoak/includes/de,103.116.104.238,61,0,0.0,1.0,0.0
18857,2023-01-24 09:24:00,2.4,https://todaysheet011new-secondary.z20.web.core.windows.net/,20.150.43.176,60,5,0.08333333333333333,0.0,0.0
18940,2023-01-24 09:20:29,6.4,https://lodramila.tk/MyGov/Otp.php,162.240.223.232,34,0,0.0,11.0,0.0
18943,2023-01-24 09:20:22,6.4,https://lodramila.tk/MyGov/full_info.php,162.240.223.232,40,0,0.0,11.0,0.0
18949,2023-01-24 09:20:02,5.1,https://ky.gatebim.com/service/services.php?OTPVerification.aspx7YyWw4Aq2qB8HTfaT36CxcoHhhYHVV6jRQSW2U99L6FdD31sxJQ7E8IQN31jcfIrT6nvxeokkGwNuJihz8fAM01Y7073wsbCfnb7YiWcFFYfXUmC5kZcVtsgwYyUum8UThHxNKujBsVqvSb2MFalwdyJyXvlJXEhyRXyHnTWtu5Xagu5kazV,47.92.192.196,244,31,0.12704918032786885,0.0,0.0
18951,2023-01-24 09:19:58,7.0,https://ky.gatebim.com/service/aboutus.php?OTPVerification.aspx3NxzffSznjhUDNSsgcAxMCRQr6NlWlJ7vxIlX7pE6fuHzv7YjTJ4YhbkiC0d1qcGKdBuqG5xzQJxsx4r3yxGLGY65OK9UfbA6h3p,47.92.192.196,163,17,0.10429447852760736,0.0,0.0
18953,2023-01-24 09:19:53,5.1,https://ky.gatebim.com/service/,47.92.192.196,31,0,0.0,0.0,0.0
18967,2023-01-24 09:19:20,1.2,https://kadin.com.tc/xlsda/xfvvvvw,213.238.181.2,34,0,0.0,24.0,1.0
18977,2023-01-24 09:19:02,4.9,https://homebt.bookmark.com/,172.67.136.1,28,0,0.0,2.0,0.0
19002,2023-01-24 09:18:16,2.2,https://exeimplant.com/wp-admin/js/widgets/sk/zz/,172.104.64.170,49,0,0.0,0.0,0.0
19007,2023-01-24 09:18:06,4.8,http://sekigae.fun.w3ja.com/,212.52.0.31,28,1,0.03571428571428571,23.0,0.0
19013,2023-01-24 09:17:57,2.7,https://ecc-hagiyama.info/made/index.html,157.7.190.242,41,0,0.0,2.0,0.0
19060,2023-01-24 09:16:12,5.9,https://acrosstheglobe.online/japan-porn-hacker-binary3dr6esk-djdso4dfj7eso-dfreo5difre7wosf-dpof4rew7osd-f0reoi5dire8wsd-f0reow4ksd-df0res6odi8fe-spdoi5fres-pfoew4os7kfes-doe4wosd-f0ree5sawsdes6643/002/frfx/index.php,159.203.17.117,217,29,0.1336405529953917,0.0,0.0
19061,2023-01-24 09:16:11,2.9,https://acrosstheglobe.online/japan-porn-hacker-binary3dr6esk-djdso4dfj7eso-dfreo5difre7wosf-dpof4rew7osd-f0reoi5dire8wsd-f0reow4ksd-df0res6odi8fe-spdoi5fres-pfoew4os7kfes-doe4wosd-f0ree5sawsdes6643/002/edg/index.php,159.203.17.117,216,29,0.13425925925925927,0.0,0.0
19062,2023-01-24 09:16:10,5.5,https://acrosstheglobe.online/japan-porn-hacker-binary3dr6esk-djdso4dfj7eso-dfreo5difre7wosf-dpof4rew7osd-f0reoi5dire8wsd-f0reow4ksd-df0res6odi8fe-spdoi5fres-pfoew4os7kfes-doe4wosd-f0ree5sawsdes6643/002/chrm/index.php,159.203.17.117,217,29,0.1336405529953917,0.0,0.0
19064,2023-01-24 09:16:07,4.1,https://acesso-simpleficado-cliente.com/luiza/?userID=13&uri=FMKKkFM/m,104.21.84.95,70,2,0.02857142857142857,2.0,0.0
19072,2023-01-24 09:15:40,1.8,https://2.hpyub.social/jefanya-store/,185.252.232.248,37,1,0.02702702702702703,0.0,0.0
19082,2023-01-24 09:15:23,5.5,https://0ec6770.wcomhost.com/fr/nickel.eu/clients/,206.188.193.157,50,5,0.1,0.0,0.0
19100,2023-01-24 09:14:39,5.8,http://oncologiaclinicafpolis.com.br/r/,200.234.194.32,39,0,0.0,14.0,0.0
19130,2023-01-24 09:13:29,5.7,http://habby-bit.github.io/NetflixClone,2606:50c0:8002::153,39,0,0.0,0.0,1.0
19136,2023-01-24 09:13:19,3.9,http://gentle-limit-5907.on.fleek.co/,2606:4700::6812:691,37,4,0.10810810810810811,2.0,0.0
19141,2023-01-24 09:12:59,2.7,"http://dupageco.org.snocomb.com/?2F/1/24/202312:32%20AMTuesday,%20January%2024,%20202312:32:58%20AMdupageco.org2F/",69.49.244.31,114,35,0.30701754385964913,0.0,0.0
19142,2023-01-24 09:12:58,4.9,http://dsme.co.kr.snocomb.com/?2F/1/24/202312:24,69.49.244.31,48,12,0.25,0.0,0.0
19143,2023-01-24 09:12:56,1.5,http://dovvnload-app.com/,2606:4700:3030::6815:2215,25,0,0.0,2.0,0.0
19156,2023-01-24 09:12:36,5.2,"http://debruinlawfirm.com.snocomb.com/?2F/1/24/202312:22%20AMTuesday,%20January%2024,%20202312:22:54%20AMdebruinlawfirm.com2F/",69.49.244.31,126,35,0.2777777777777778,0.0,0.0
19157,2023-01-24 09:12:35,4.9,http://dasin.com.sg.snocomb.com/?2F/1/24/202312:22,69.49.244.31,50,12,0.24,0.0,0.0
19176,2023-01-24 09:12:05,2.4,http://bit.ly/BancaBperAccedi,67.199.248.10,29,0,0.0,2.0,0.0
19177,2023-01-24 09:12:03,1.8,http://bet810.net/wp-admin/admin,185.90.62.155,32,3,0.09375,0.0,0.0
19185,2023-01-24 09:11:42,4.1,http://antille-guyane.github.io/bnpparibas.net,185.199.109.153,46,0,0.0,6.0,0.0
19193,2023-01-24 09:11:19,5.0,http://6bet988.com/Home,185.90.62.155,23,4,0.17391304347826086,0.0,0.0
19205,2023-01-24 09:10:54,4.5,http://143.198.227.120/das.php,143.198.227.120,30,12,0.4,0.0,0.0
19209,2023-01-24 06:16:11,4.9,https://walemi.com/,104.219.248.46,19,0,0.0,10.0,0.0
19237,2023-01-24 03:16:40,1.7,https://tinyurl.com/y6ctjkzk,2606:4700:10::6814:8a41,28,1,0.03571428571428571,1.0,1.0
19247,2023-01-24 01:41:48,3.0,http://validaciondeidentidad2023.atsnx.com/?i=1,185.27.134.55,47,5,0.10638297872340426,0.0,0.0
19256,2023-01-24 00:19:49,6.3,https://metafb-8h3cz8k.web.app/,2620:0:890::100,31,3,0.0967741935483871,0.0,0.0
19257,2023-01-24 00:19:48,6.5,https://metafb-8h3cz8k.firebaseapp.com/,2620:0:890::100,39,3,0.07692307692307693,0.0,0.0
19258,2023-01-24 00:19:46,5.8,https://metafb-4p2hl40.web.app/,199.36.158.100,31,4,0.12903225806451613,0.0,0.0
19259,2023-01-24 00:19:44,6.0,https://metafb-4p2hl40.firebaseapp.com/,199.36.158.100,39,4,0.10256410256410256,0.0,0.0
19260,2023-01-24 00:19:43,6.3,https://metafb-4l862c5.web.app/,2620:0:890::100,31,5,0.16129032258064516,0.0,0.0
19261,2023-01-24 00:19:42,6.1,https://metafb-4l862c5.firebaseapp.com/,199.36.158.100,39,5,0.1282051282051282,0.0,0.0
19262,2023-01-24 00:19:41,5.4,https://metafb-27zrain.web.app/,2620:0:890::100,31,2,0.06451612903225806,0.0,0.0
19263,2023-01-24 00:19:40,5.6,https://metafb-27zrain.firebaseapp.com/,199.36.158.100,39,2,0.05128205128205128,0.0,0.0
19264,2023-01-24 00:19:36,5.3,https://mbemailt6jar1m.web.app/,2620:0:890::100,31,2,0.06451612903225806,0.0,0.0
19265,2023-01-24 00:19:35,5.5,https://mbemailt6jar1m.firebaseapp.com/,199.36.158.100,39,2,0.05128205128205128,0.0,0.0
19303,2023-01-24 00:18:21,4.8,https://amagracentos.web.app/,2620:0:890::100,29,0,0.0,1.0,0.0
19304,2023-01-24 00:18:20,5.0,https://amagracentos.firebaseapp.com/,199.36.158.100,37,0,0.0,1.0,0.0
19307,2023-01-24 00:18:16,5.8,https://abuseid34096348945656878.web.app/,199.36.158.100,41,17,0.4146341463414634,0.0,0.0
19308,2023-01-24 00:18:15,6.0,https://abuseid34096348945656878.firebaseapp.com/,2620:0:890::100,49,17,0.3469387755102041,0.0,0.0
19309,2023-01-24 00:18:14,5.5,http://provinci-bip.0hi.me/,185.27.134.92,27,1,0.037037037037037035,0.0,0.0
19330,2023-01-23 22:50:05,3.8,https://tra-srt09923.web.app/,199.36.158.100,29,5,0.1724137931034483,0.0,0.0
19331,2023-01-23 22:50:04,5.0,https://tra-srt09923.firebaseapp.com/,2620:0:890::100,37,5,0.13513513513513514,0.0,0.0
19332,2023-01-23 22:50:02,4.7,https://transatlanticservicesltd.com/eu/J23012023/,160.153.129.31,50,8,0.16,1.0,0.0
19377,2023-01-23 22:48:42,4.3,https://office-shared.idoc.workers.dev/,172.67.151.84,39,0,0.0,2.0,0.0
19382,2023-01-23 22:48:35,2.5,https://njnjnn.bjhjhjkj.workers.dev/,2606:4700:3032::ac43:98da,36,0,0.0,2.0,0.0
19384,2023-01-23 22:48:33,5.7,https://mufflate.web.app/,2620:0:890::100,25,0,0.0,0.0,0.0
19385,2023-01-23 22:48:32,5.9,https://mufflate.firebaseapp.com/,2620:0:890::100,33,0,0.0,0.0,0.0
19388,2023-01-23 22:48:26,6.4,https://metasupport100293859811.web.app/,2620:0:890::100,40,12,0.3,0.0,0.0
19389,2023-01-23 22:48:25,6.6,https://metasupport100293859811.firebaseapp.com/,199.36.158.100,48,12,0.25,0.0,0.0
19390,2023-01-23 22:48:21,3.8,https://metafb-us13dm0.web.app/,2620:0:890::100,31,3,0.0967741935483871,0.0,0.0
19391,2023-01-23 22:48:20,5.0,https://metafb-us13dm0.firebaseapp.com/,199.36.158.100,39,3,0.07692307692307693,0.0,0.0
19392,2023-01-23 22:48:19,4.3,https://metafb-tttjcn8.web.app/,199.36.158.100,31,1,0.03225806451612903,0.0,0.0
19393,2023-01-23 22:48:18,5.5,https://metafb-tttjcn8.firebaseapp.com/,199.36.158.100,39,1,0.02564102564102564,0.0,0.0
19394,2023-01-23 22:48:17,5.8,https://metafb-slwx5f9.web.app/,199.36.158.100,31,2,0.06451612903225806,0.0,0.0
19395,2023-01-23 22:48:15,6.0,https://metafb-slwx5f9.firebaseapp.com/,2620:0:890::100,39,2,0.05128205128205128,0.0,0.0
19396,2023-01-23 22:48:14,6.3,https://metafb-shf4839.web.app/,199.36.158.100,31,4,0.12903225806451613,0.0,0.0
19397,2023-01-23 22:48:13,6.5,https://metafb-shf4839.firebaseapp.com/,199.36.158.100,39,4,0.10256410256410256,0.0,0.0
19398,2023-01-23 22:48:12,6.3,https://metafb-r4puxxh.web.app/,199.36.158.100,31,1,0.03225806451612903,0.0,0.0
19399,2023-01-23 22:48:11,6.5,https://metafb-r4puxxh.firebaseapp.com/,2620:0:890::100,39,1,0.02564102564102564,0.0,0.0
19400,2023-01-23 22:48:10,5.8,https://metafb-o4hcv2v.web.app/,2620:0:890::100,31,2,0.06451612903225806,0.0,0.0
19401,2023-01-23 22:48:09,6.0,https://metafb-o4hcv2v.firebaseapp.com/,199.36.158.100,39,2,0.05128205128205128,0.0,0.0
19402,2023-01-23 22:48:08,5.8,https://metafb-jpnyir3.web.app/,199.36.158.100,31,1,0.03225806451612903,0.0,0.0
19403,2023-01-23 22:48:07,6.0,https://metafb-jpnyir3.firebaseapp.com/,199.36.158.100,39,1,0.02564102564102564,0.0,0.0
19404,2023-01-23 22:48:06,5.3,https://metafb-jhyeins.web.app/,199.36.158.100,31,0,0.0,0.0,0.0
19405,2023-01-23 22:48:05,6.0,https://metafb-jhyeins.firebaseapp.com/,2620:0:890::100,39,0,0.0,0.0,0.0
19406,2023-01-23 22:48:04,5.8,https://metafb-iyckq7p.web.app/,2620:0:890::100,31,1,0.03225806451612903,0.0,0.0
19407,2023-01-23 22:48:03,6.0,https://metafb-iyckq7p.firebaseapp.com/,199.36.158.100,39,1,0.02564102564102564,0.0,0.0
19408,2023-01-23 22:48:02,4.3,https://metafb-iacdqc5.web.app/,199.36.158.100,31,1,0.03225806451612903,0.0,0.0
19409,2023-01-23 22:48:01,5.5,https://metafb-iacdqc5.firebaseapp.com/,199.36.158.100,39,1,0.02564102564102564,0.0,0.0
19410,2023-01-23 22:48:00,5.3,https://metafb-g0suvhc.web.app/,199.36.158.100,31,1,0.03225806451612903,0.0,0.0
19411,2023-01-23 22:47:59,6.0,https://metafb-g0suvhc.firebaseapp.com/,199.36.158.100,39,1,0.02564102564102564,0.0,0.0
19412,2023-01-23 22:47:58,4.3,https://metafb-fbw7r3d.web.app/,199.36.158.100,31,2,0.06451612903225806,0.0,0.0
19413,2023-01-23 22:47:57,5.5,https://metafb-fbw7r3d.firebaseapp.com/,199.36.158.100,39,2,0.05128205128205128,0.0,0.0
19414,2023-01-23 22:47:56,6.3,https://metafb-c44fn7h.web.app/,2620:0:890::100,31,3,0.0967741935483871,0.0,0.0
19415,2023-01-23 22:47:55,6.5,https://metafb-c44fn7h.firebaseapp.com/,199.36.158.100,39,3,0.07692307692307693,0.0,0.0
19426,2023-01-23 22:47:25,6.4,https://internationlaozonef1.myportfolio.com/,151.101.128.119,45,1,0.022222222222222223,0.0,0.0
19433,2023-01-23 22:47:09,3.4,https://currentlyattyahoocom.boxmode.io/,2605:f480:997::208,40,0,0.0,6.0,0.0
19439,2023-01-23 22:46:38,7.0,https://agency.crostracker.com/.phpintel2/V54B21896B872D2321FF0C8E896B896B872D232872D2329B39A81030916550F11106E1C01D169EFC157F7896B872D232896B872D232E6A/en/mail/,74.208.236.39,161,83,0.515527950310559,0.0,0.0
19453,2023-01-23 22:46:13,5.9,http://cr95421.tw1.ru/bnp_KBZ/,2a03:6f00:1::b039:d290,30,6,0.2,25.0,0.0
19454,2023-01-23 22:46:12,5.2,http://blog.testfeima.com/wp-content/themes/vs/index.php,143.92.40.143,56,0,0.0,5.0,0.0
19471,2023-01-23 21:26:11,5.5,http://www.mobile-legendszvjdmtb.36terrbaru1.my.id/vhsfhqpdhdsih6/,104.21.84.80,66,4,0.06060606060606061,2.0,0.0
19473,2023-01-23 21:26:06,7.0,http://www.eventsreg.in/Adobe_22/Q2/Adobe_CreativeExcellence/LearningSessions/register.php,107.180.51.28,90,3,0.03333333333333333,4.0,0.0
19474,2023-01-23 21:26:04,3.3,http://www.e-serviceparts.info/landingpages/dd263864-38a2-466a-be2f-4e5ec6c5e042/vr4sdw8zjh9fkuhwo707rsyrg0s8z5sgn-x8dpb6ngk,13.225.63.52,124,31,0.25,4.0,0.0
19483,2023-01-23 21:25:36,2.5,http://wes.csdnet2.com.ar/,190.61.250.160,26,1,0.038461538461538464,2.0,1.0
19484,2023-01-23 21:25:35,3.1,http://visapprepaidedd4.web.app/,199.36.158.100,32,1,0.03125,0.0,0.0
19485,2023-01-23 21:25:34,4.3,http://u1913143.cp.regruhosting.ru/,2a00:f940:2:2:1:4:0:112,35,7,0.2,17.0,0.0
19491,2023-01-23 21:25:18,8.7,https://www--wellsfargo--com--6649329d48d6c.wsipv6.com/es/biz/online-banking/,2606:1980:b::20,77,11,0.14285714285714285,24.0,0.0
19494,2023-01-23 21:24:54,6.9,https://www.solutionfun.info/landingpage/d20bb990-c39b-46c2-9296-604b875de69a/votog0rv-z49lgbeziiuw5mjepja0gyl9vnn6j6enwq,18.164.96.20,121,30,0.24793388429752067,4.0,0.0
19498,2023-01-23 21:24:45,4.3,https://www.doctricant.com/gbr/4d30a371-55bc-4888-8f4c-306b4971bd39/003a9488-397f-4f58-9c92-80155fa3f8fb/bda2a9d0-471f-4cee-aeae-4c9860016bdd/login?id=dDRVRTFUNFRoUEF3eHpqZ28xMkV5c2ptVldnOTZPMEx5cXlFcHlvSHViOGM0YTB6VHhYR0pRMG5tVXp3TE02YmhyN0sxNy8vUDZUc2ZDeFIvUUJYdWZpdFFvT0FPcTE5NHhQTTZvblJTQUlvcDR5UWFYR2VJV3NieVJLZmN3S2xWWkh1NDFVa0t5QW1ORk5GaUptYUQ1L3JleGo5RjUwblZvRUJlUG5RUGZXSTN6UEowR0JPbHZ0NGZUU2ZWRFp5Njdjell5WHF4T21TOEFUZ081bE9yNkJZUmJLRFhOR0dsTHpCSFZUNUM5OHNOcHVza0tEUEdKSE1ZU0FObFpjeW9KWkM0U1ZneWZMNVF4R1Z5N3IzcytReFdQR0ZRZ3JGWGJSRC9qaVQyajFNVzlPbWNqOG11bWMrV28xUHhXZHR5cUFpaEZSUGFJWmF6em1nRlVQL2ZLSnNBNUx2UmVGdkl2TmRMcjQrVU90ZXllN1JOM1daekZjWDVUZitHbW1x,2620:1ec:29:1::40,663,136,0.20512820512820512,4.0,0.0
19500,2023-01-23 21:24:40,3.9,https://www.controlit.com.au/,116.0.23.208,29,0,0.0,20.0,1.0
19502,2023-01-23 21:24:35,5.7,https://www.chibabannkco-jp.brodj.com/client/index_pc.html,23.247.42.120,58,0,0.0,0.0,0.0
19505,2023-01-23 21:24:30,5.9,https://winezeeindia.com/crypt/login.htm,115.124.105.251,40,0,0.0,0.0,0.0
19506,2023-01-23 21:24:27,5.8,https://win365onenote.myportfolio.com/,151.101.0.119,38,3,0.07894736842105263,0.0,0.0
19508,2023-01-23 21:24:09,3.7,https://vismart.com.my/oypof/xxx,124.217.254.180,32,0,0.0,0.0,0.0
19510,2023-01-23 21:24:01,3.5,https://uuphoeld-logzin.godaddysites.com/,13.248.243.5,41,0,0.0,22.0,1.0
19527,2023-01-23 21:23:11,4.5,https://telstra-singin-bigpondonline-telstra.blogfizz.com/,136.243.150.176,58,0,0.0,4.0,0.0
19544,2023-01-23 21:22:31,6.9,https://steamcommunitiy.com/8564793125468976452136589745621,185.149.120.5,59,31,0.5254237288135594,25.0,0.0
19552,2023-01-23 21:22:15,2.4,https://s.id/1wZyn,45.126.58.78,18,1,0.05555555555555555,0.0,0.0
19559,2023-01-23 21:21:53,2.9,https://sdbcverdf.com/update/,103.153.182.185,29,0,0.0,1.0,0.0
19561,2023-01-23 21:21:50,5.4,https://salina.com.ar/bfile,190.61.250.160,27,0,0.0,0.0,0.0
19562,2023-01-23 21:21:47,6.1,https://sajjad.ir/bell/bellAliant/joiuGNKm=Q_SkE/bellzAll.php?email=,46.4.144.64,68,0,0.0,0.0,0.0
19563,2023-01-23 21:21:44,4.6,https://sajjad.ir/bell/bellAliant/joiuGNKm=Q_SkE/bellzAll_err.php?email=,46.4.144.64,72,0,0.0,0.0,0.0
19564,2023-01-23 21:21:42,6.6,https://sajjad.ir/bell/bellAliant/Hxap9Ge07mnszS/bellzAll.php?email=,46.4.144.64,68,3,0.04411764705882353,0.0,0.0
19565,2023-01-23 21:21:40,6.1,https://sajjad.ir/bell/bellAliant/Hxap9Ge07mnszS/bellzAll_err.php?email=,46.4.144.64,72,3,0.041666666666666664,0.0,0.0
19566,2023-01-23 21:21:39,6.6,https://sajjad.ir/bell/bellAliant/32CZQO&QD1A61C/bellzAll.php?email=,46.4.144.64,68,5,0.07352941176470588,0.0,0.0
19567,2023-01-23 21:21:37,4.3,https://sajjad.ir/bell/bellAliant/32CZQO&QD1A61C/bellzAll_err.php?email=,46.4.144.64,72,5,0.06944444444444445,0.0,0.0
19570,2023-01-23 21:21:30,2.8,https://recklife.app/coderobe.com/id/exchange.uni-hamburg.de.html,68.178.221.66,65,0,0.0,1.0,0.0
19573,2023-01-23 21:21:25,4.7,https://protect-onedrive.josh1201.repl.co/,34.149.204.188,42,4,0.09523809523809523,0.0,0.0
19578,2023-01-23 21:21:08,5.4,https://premium.spotify.com.torimac.com/,116.0.23.207,40,0,0.0,0.0,0.0
19580,2023-01-23 21:21:03,7.4,https://phreshphoto.com/Parppea/ourtime123/ourtime.php,174.136.63.2,54,3,0.05555555555555555,0.0,0.0
19587,2023-01-23 21:20:47,3.9,https://officiallion0001.com/wl/?id=m6W5RDEI65U98QKrdlQupduQubWc4dX9&fmode=download,209.133.206.154,83,12,0.14457831325301204,3.0,0.0
19590,2023-01-23 21:20:41,4.1,https://notice.redundancy-payments.org.uk/,20.39.208.24,42,0,0.0,13.0,1.0
19624,2023-01-23 21:19:14,6.3,https://lihi2.cc/PJNcg,35.244.149.249,22,1,0.045454545454545456,18.0,0.0
19626,2023-01-23 21:19:10,2.2,https://kutxabank-sp-po.abode-global.com/,2606:2800:11f:1cb7:261b:1f9c:2074:3c,41,0,0.0,0.0,0.0
19629,2023-01-23 21:19:01,3.6,https://kelurahanmanggahang.bandungkab.go.id/pass.html,103.253.107.15,54,0,0.0,0.0,0.0
19632,2023-01-23 21:18:56,4.3,https://jpmc-unification-uat.eventfarm.com/,52.9.203.189,43,0,0.0,0.0,0.0
19634,2023-01-23 21:18:53,3.7,https://jebatahsin.github.io/facebook-login-page/,185.199.108.153,49,0,0.0,16.0,0.0
19637,2023-01-23 21:18:49,3.1,https://janworkorder011z-secondary.z13.web.core.windows.net/,20.60.81.199,60,5,0.08333333333333333,0.0,0.0
19640,2023-01-23 21:18:38,5.8,https://iptvprime.co/do/login/index.html,2606:4700:3034::ac43:d1aa,40,0,0.0,2.0,0.0
19645,2023-01-23 21:18:32,4.7,https://infinite.yunethosting.rs/cr/index.html,194.247.196.67,46,0,0.0,21.0,0.0
19652,2023-01-23 21:18:19,5.9,https://hasmithanjana.github.io/Netflix-clone/,185.199.110.153,46,0,0.0,20.0,0.0
19653,2023-01-23 21:18:18,7.3,https://gyanbikashmili.github.io/Netflix-Clone/,2606:50c0:8002::153,47,0,0.0,0.0,3.0
19655,2023-01-23 21:18:15,4.8,https://google.com.gi/,2607:f8b0:4006:80e::2004,22,0,0.0,18.0,0.0
19675,2023-01-23 21:17:30,5.3,http://sessionenters.hostfree.pw/,185.27.134.115,33,0,0.0,0.0,0.0
19676,2023-01-23 21:17:28,7.2,https://enviosdhlexpress.com/?hash=a3f7265eb067a56483334b354b4e1e7bca70e5b33708547d07098631060091f52031bb0e2b9c73d97f75ddefad8edf1ea00646608411ff07e568f4079be696e6,5.9.52.5,163,87,0.5337423312883436,0.0,0.0
19687,2023-01-23 21:17:08,5.6,https://demo3.cloudwp.dev/trial-4584uztu/acces/Web/Fr/creditagricole/CA/f422749655e07a1/rgn.php?particulier,151.139.128.10,107,17,0.1588785046728972,2.0,1.0
19690,2023-01-23 21:17:01,2.6,https://cutt.us/0Cdmb,69.61.26.123,21,1,0.047619047619047616,2.0,0.0
19713,2023-01-23 21:16:09,5.9,https://attmailsupport.surveysparrow.com/s/att-mail-support/tgC-f4caa9ad86ca813b?sparrowLang=en,54.157.255.137,95,7,0.07368421052631578,0.0,0.0
19714,2023-01-23 21:16:07,5.9,https://attmailsupport.surveysparrow.com/s/att-mail-support/tgC-533856ab398c31ed?sparrowLang=en,34.231.106.100,95,11,0.11578947368421053,0.0,0.0
19715,2023-01-23 21:16:05,5.1,https://attmailsupport.surveysparrow.com/s/att-mail-support/tgC-364977728cd4c329?sparrowLang=en,3.224.136.99,95,13,0.1368421052631579,0.0,0.0
19723,2023-01-23 21:15:48,1.9,https://andesfitness.cl/img/tufu.html,200.73.115.38,37,0,0.0,0.0,0.0
19726,2023-01-23 21:15:42,1.9,https://agency.crostracker.com/.phpintel3/V54B21896B872D2321FF0C8E896B896B872D232872D2329B39A81030916550F11106E1C01D169EFC157F7896B872D232896B872D232E6A/en/mail/,74.208.236.39,161,83,0.515527950310559,0.0,0.0
19727,2023-01-23 21:15:40,1.9,https://agency.crostracker.com/appsuite0/re/,2607:f1c0:100f:f000::25a,44,1,0.022727272727272728,0.0,0.0
19728,2023-01-23 21:15:38,1.9,https://agency.crostracker.com/appsuite0/re,2607:f1c0:100f:f000::25a,43,1,0.023255813953488372,0.0,0.0
19752,2023-01-23 21:14:24,3.4,http://protocolactivac.hostfree.pw/,185.27.134.100,35,0,0.0,0.0,0.0
19758,2023-01-23 21:14:16,3.4,http://office-365-security-notifications.com/landing/form/160ea6c6-d73e-4cbe-8aec-150d83a3a327,44.198.29.215,94,21,0.22340425531914893,0.0,0.0
19760,2023-01-23 21:14:09,2.0,http://naisenterprise.com/wp-content/uploads/error.php,69.73.180.129,54,0,0.0,0.0,0.0
19761,2023-01-23 21:14:06,2.9,http://mysdhs.com/,116.0.23.212,18,0,0.0,0.0,0.0
19763,2023-01-23 21:13:54,1.8,http://mycardrewards.in/,68.178.145.36,24,0,0.0,1.0,0.0
19764,2023-01-23 21:13:52,2.4,http://mmeaatamaskslog.azurewebsites.net/,20.119.0.28,41,0,0.0,2.0,0.0
19768,2023-01-23 21:13:43,4.5,http://mail.mobile-legendszvjdmtb.36terrbaru1.my.id/vhsfhqpdhdsih6/,104.21.84.80,67,4,0.05970149253731343,2.0,0.0
19769,2023-01-23 21:13:39,4.5,http://mail.mobile-legendscdklxqa.36terrbaru1.my.id/vhsfhqpdhdsih6/,2606:4700:3032::ac43:bcaa,67,4,0.05970149253731343,2.0,0.0
19771,2023-01-23 21:13:34,1.1,http://lucky-cell-4fd4.oteka35.workers.dev/?bbre=xzodiszx,172.67.217.54,57,4,0.07017543859649122,2.0,0.0
19779,2023-01-23 21:13:18,4.9,http://internationlaozonef1.myportfolio.com/,151.101.0.119,44,1,0.022727272727272728,0.0,0.0
19791,2023-01-23 21:12:56,5.4,http://facebook-1003827.260mb.net/,185.27.134.60,34,10,0.29411764705882354,0.0,0.0
19792,2023-01-23 21:12:54,1.4,http://dksoft-edition.com/readme.html,2001:41d0:301:3::28,37,0,0.0,0.0,0.0
19795,2023-01-23 21:12:49,3.5,http://dexwalletconnect.com/,198.252.105.99,28,0,0.0,3.0,0.0
19810,2023-01-23 21:11:58,3.4,http://agency.crostracker.com/appsuite0/,2607:f1c0:100f:f000::25a,40,1,0.025,0.0,0.0
19814,2023-01-23 21:11:51,1.0,http://8tyi.kmugjxbaa5245.workers.dev/,2606:4700:3033::ac43:afc4,38,5,0.13157894736842105,2.0,0.0
19820,2023-01-23 21:11:33,1.0,http://120.48.4.121/wp-content/hjh/LiinkedInhardest/900/,120.48.4.121,56,12,0.21428571428571427,0.0,0.0
19830,2023-01-23 19:39:51,3.3,https://vm3y45.webwave.dev/,185.30.124.158,27,3,0.1111111111111111,0.0,0.0
19831,2023-01-23 19:39:44,1.6,http://stdportal.uou.edu.ps/redirect.html,5.133.28.19,41,0,0.0,1.0,0.0
19857,2023-01-23 18:10:41,1.9,https://ntiy0u.webwave.dev/,185.73.228.142,27,1,0.037037037037037035,0.0,0.0
19898,2023-01-23 16:39:34,3.4,https://bit.ly/3kp9zvd,67.199.248.11,22,2,0.09090909090909091,2.0,0.0
19909,2023-01-23 15:20:15,5.4,https://tinyurl.com/ys2b49h4,2606:4700:10::6814:8b41,28,4,0.14285714285714285,1.0,1.0
19913,2023-01-23 15:19:53,1.5,https://spk-erneuerung.de/,185.251.90.110,26,0,0.0,0.0,0.0
19914,2023-01-23 15:19:50,2.0,https://sparkasse.spk-erneuerung.de/,185.251.90.110,36,0,0.0,0.0,0.0
19919,2023-01-23 15:19:03,1.8,https://lnkd.in/gaC_dTuj,13.107.42.14,24,0,0.0,0.0,0.0
19922,2023-01-23 15:18:38,1.9,https://fvws90.webwave.dev/,185.30.124.158,27,2,0.07407407407407407,0.0,0.0
19928,2023-01-23 15:18:00,2.7,https://attupdatetoolsd.boxmode.io/,209.192.137.208,35,0,0.0,6.0,0.0
19940,2023-01-23 13:53:01,4.4,https://zqwrqk090.webcindario.com/,5.57.226.202,34,3,0.08823529411764706,1.0,0.0
19945,2023-01-23 13:52:21,3.2,https://tinyurl.com/cxc2jac5,2606:4700:10::6814:8b41,28,2,0.07142857142857142,1.0,1.0
19957,2023-01-23 13:51:17,2.6,https://ridgewaykite.com/,77.72.0.162,25,0,0.0,25.0,1.0
19967,2023-01-23 13:50:54,2.6,https://mfddnf.webcindario.com/,5.57.226.202,31,0,0.0,1.0,0.0
19971,2023-01-23 13:50:20,1.9,https://instinct-americain.meduccatacama.cl/#redacted@abuse.ionos.com,186.64.119.120,69,0,0.0,3.0,0.0
19980,2023-01-23 13:49:21,1.9,https://bacseguridadhn.webcindario.com/,5.57.226.202,39,0,0.0,1.0,0.0
19996,2023-01-23 13:48:53,2.0,http://ridgewaykite.com/,77.72.0.162,24,0,0.0,25.0,1.0
20000,2023-01-23 13:48:40,4.9,http://informativabper.com/,81.88.53.74,27,0,0.0,7.0,0.0
